{
  "Total" : {
    "transaction" : "Total",
    "sampleCount" : 400,
    "errorCount" : 22,
    "errorPct" : 5.5,
    "meanResTime" : 335.3149999999998,
    "medianResTime" : 223.0,
    "minResTime" : 214.0,
    "maxResTime" : 4890.0,
    "pct1ResTime" : 897.0,
    "pct2ResTime" : 928.95,
    "pct3ResTime" : 1016.8300000000002,
    "throughput" : 42.345966546686434,
    "receivedKBytesPerSec" : 16.695641673724328,
    "sentKBytesPerSec" : 12.12473781891806
  },
  "Logout" : {
    "transaction" : "Logout",
    "sampleCount" : 50,
    "errorCount" : 0,
    "errorPct" : 0.0,
    "meanResTime" : 236.52,
    "medianResTime" : 220.0,
    "minResTime" : 214.0,
    "maxResTime" : 919.0,
    "pct1ResTime" : 227.9,
    "pct2ResTime" : 274.64999999999975,
    "pct3ResTime" : 919.0,
    "throughput" : 7.810059356451109,
    "receivedKBytesPerSec" : 2.905891225398313,
    "sentKBytesPerSec" : 1.22794878553577
  },
  "CreateUserWithList" : {
    "transaction" : "CreateUserWithList",
    "sampleCount" : 50,
    "errorCount" : 0,
    "errorPct" : 0.0,
    "meanResTime" : 244.44000000000003,
    "medianResTime" : 221.0,
    "minResTime" : 215.0,
    "maxResTime" : 1047.0,
    "pct1ResTime" : 272.9,
    "pct2ResTime" : 288.79999999999995,
    "pct3ResTime" : 1047.0,
    "throughput" : 9.24898261191269,
    "receivedKBytesPerSec" : 3.441271850721421,
    "sentKBytesPerSec" : 4.091771584813171
  },
  "DeleteUser" : {
    "transaction" : "DeleteUser",
    "sampleCount" : 50,
    "errorCount" : 13,
    "errorPct" : 26.0,
    "meanResTime" : 231.38000000000002,
    "medianResTime" : 223.5,
    "minResTime" : 214.0,
    "maxResTime" : 453.0,
    "pct1ResTime" : 239.8,
    "pct2ResTime" : 270.45,
    "pct3ResTime" : 453.0,
    "throughput" : 8.82768361581921,
    "receivedKBytesPerSec" : 3.1188275180967517,
    "sentKBytesPerSec" : 2.1407132768361583
  },
  "CreateUser" : {
    "transaction" : "CreateUser",
    "sampleCount" : 50,
    "errorCount" : 0,
    "errorPct" : 0.0,
    "meanResTime" : 239.94,
    "medianResTime" : 221.0,
    "minResTime" : 214.0,
    "maxResTime" : 922.0,
    "pct1ResTime" : 231.7,
    "pct2ResTime" : 324.9499999999992,
    "pct3ResTime" : 922.0,
    "throughput" : 7.036307345904869,
    "receivedKBytesPerSec" : 2.6174513615254713,
    "sentKBytesPerSec" : 2.954836801646496
  },
  "UpdateUser" : {
    "transaction" : "UpdateUser",
    "sampleCount" : 50,
    "errorCount" : 0,
    "errorPct" : 0.0,
    "meanResTime" : 230.44,
    "medianResTime" : 224.0,
    "minResTime" : 215.0,
    "maxResTime" : 301.0,
    "pct1ResTime" : 243.9,
    "pct2ResTime" : 287.29999999999995,
    "pct3ResTime" : 301.0,
    "throughput" : 8.952551477170994,
    "receivedKBytesPerSec" : 3.3222358997314236,
    "sentKBytesPerSec" : 2.1010519247985675
  },
  "LoginUser" : {
    "transaction" : "LoginUser",
    "sampleCount" : 50,
    "errorCount" : 0,
    "errorPct" : 0.0,
    "meanResTime" : 236.27999999999997,
    "medianResTime" : 221.0,
    "minResTime" : 214.0,
    "maxResTime" : 858.0,
    "pct1ResTime" : 236.6,
    "pct2ResTime" : 269.2499999999997,
    "pct3ResTime" : 858.0,
    "throughput" : 8.773469029654326,
    "receivedKBytesPerSec" : 4.129699289349008,
    "sentKBytesPerSec" : 1.6840947973328655
  },
  "CreateUserWithArray" : {
    "transaction" : "CreateUserWithArray",
    "sampleCount" : 50,
    "errorCount" : 0,
    "errorPct" : 0.0,
    "meanResTime" : 1023.8,
    "medianResTime" : 916.0,
    "minResTime" : 883.0,
    "maxResTime" : 4890.0,
    "pct1ResTime" : 982.6999999999999,
    "pct2ResTime" : 1536.749999999995,
    "pct3ResTime" : 4890.0,
    "throughput" : 9.38790837401427,
    "receivedKBytesPerSec" : 3.4929620024408563,
    "sentKBytesPerSec" : 4.162400546845663
  },
  "GetUser" : {
    "transaction" : "GetUser",
    "sampleCount" : 50,
    "errorCount" : 9,
    "errorPct" : 18.0,
    "meanResTime" : 239.72000000000003,
    "medianResTime" : 222.0,
    "minResTime" : 214.0,
    "maxResTime" : 770.0,
    "pct1ResTime" : 262.29999999999995,
    "pct2ResTime" : 299.14999999999986,
    "pct3ResTime" : 770.0,
    "throughput" : 9.089256498818397,
    "receivedKBytesPerSec" : 4.279584109707326,
    "sentKBytesPerSec" : 1.4407891746955097
  }
}