{
  "DataDelete" : {
    "transaction" : "DataDelete",
    "sampleCount" : 500,
    "errorCount" : 0,
    "errorPct" : 0.0,
    "meanResTime" : 440.5500000000002,
    "medianResTime" : 335.0,
    "minResTime" : 302.0,
    "maxResTime" : 2876.0,
    "pct1ResTime" : 511.80000000000007,
    "pct2ResTime" : 1372.9499999999996,
    "pct3ResTime" : 1663.5800000000004,
    "throughput" : 9.7799511002445,
    "receivedKBytesPerSec" : 6.032568001222494,
    "sentKBytesPerSec" : 2.7829118276283618
  },
  "GetBookingID's" : {
    "transaction" : "GetBookingID's",
    "sampleCount" : 500,
    "errorCount" : 0,
    "errorPct" : 0.0,
    "meanResTime" : 1985.804,
    "medianResTime" : 1245.0,
    "minResTime" : 319.0,
    "maxResTime" : 13162.0,
    "pct1ResTime" : 4553.6,
    "pct2ResTime" : 5361.549999999999,
    "pct3ResTime" : 7717.840000000001,
    "throughput" : 9.630014830222839,
    "receivedKBytesPerSec" : 91.57946613003409,
    "sentKBytesPerSec" : 1.2883906559966103
  },
  "Total" : {
    "transaction" : "Total",
    "sampleCount" : 2500,
    "errorCount" : 0,
    "errorPct" : 0.0,
    "meanResTime" : 2027.2984000000024,
    "medianResTime" : 474.0,
    "minResTime" : 302.0,
    "maxResTime" : 51160.0,
    "pct1ResTime" : 6013.8,
    "pct2ResTime" : 8658.749999999993,
    "pct3ResTime" : 12566.879999999997,
    "throughput" : 44.817324584991574,
    "receivedKBytesPerSec" : 110.69698852788535,
    "sentKBytesPerSec" : 13.13807615471837
  },
  "DataUpdate" : {
    "transaction" : "DataUpdate",
    "sampleCount" : 500,
    "errorCount" : 0,
    "errorPct" : 0.0,
    "meanResTime" : 503.5199999999999,
    "medianResTime" : 358.0,
    "minResTime" : 303.0,
    "maxResTime" : 5529.0,
    "pct1ResTime" : 642.1000000000004,
    "pct2ResTime" : 1557.8,
    "pct3ResTime" : 2440.92,
    "throughput" : 9.719873252852782,
    "receivedKBytesPerSec" : 7.476234150531677,
    "sentKBytesPerSec" : 3.363816526457495
  },
  "UserAuthentication" : {
    "transaction" : "UserAuthentication",
    "sampleCount" : 500,
    "errorCount" : 0,
    "errorPct" : 0.0,
    "meanResTime" : 6709.334000000001,
    "medianResTime" : 5776.0,
    "minResTime" : 2338.0,
    "maxResTime" : 51160.0,
    "pct1ResTime" : 11488.0,
    "pct2ResTime" : 12552.099999999999,
    "pct3ResTime" : 14194.630000000003,
    "throughput" : 9.62186086789185,
    "receivedKBytesPerSec" : 6.157088905994419,
    "sentKBytesPerSec" : 2.3490871259501587
  },
  "CreateBooking" : {
    "transaction" : "CreateBooking",
    "sampleCount" : 500,
    "errorCount" : 0,
    "errorPct" : 0.0,
    "meanResTime" : 497.28399999999976,
    "medianResTime" : 368.5,
    "minResTime" : 302.0,
    "maxResTime" : 3761.0,
    "pct1ResTime" : 545.8000000000001,
    "pct2ResTime" : 1562.1,
    "pct3ResTime" : 1782.6500000000003,
    "throughput" : 9.674548198599124,
    "receivedKBytesPerSec" : 7.8760270137572075,
    "sentKBytesPerSec" : 4.422988026537285
  }
}