timeStamp,elapsed,label,responseCode,responseMessage,threadName,dataType,success,failureMessage,bytes,sentBytes,grpThreads,allThreads,URL,Latency,IdleTime,Connect
1699055094780,1400,UserAuthentication,200,OK,Booking 1-7,text,true,,271,250,50,50,https://restful-booker.herokuapp.com/auth,1400,0,1091
1699055094663,1520,UserAuthentication,200,OK,Booking 1-1,text,true,,780,250,50,50,https://restful-booker.herokuapp.com/auth,1520,0,1208
1699055094819,1379,UserAuthentication,200,OK,Booking 1-9,text,true,,271,250,50,50,https://restful-booker.herokuapp.com/auth,1379,0,1065
1699055094799,1401,UserAuthentication,200,OK,Booking 1-8,text,true,,780,250,50,50,https://restful-booker.herokuapp.com/auth,1401,0,1089
1699055094763,1441,UserAuthentication,200,OK,Booking 1-6,text,true,,780,250,50,50,https://restful-booker.herokuapp.com/auth,1441,0,1127
1699055094939,1318,UserAuthentication,200,OK,Booking 1-15,text,true,,271,250,50,50,https://restful-booker.herokuapp.com/auth,1318,0,993
1699055094919,1344,UserAuthentication,200,OK,Booking 1-14,text,true,,780,250,50,50,https://restful-booker.herokuapp.com/auth,1344,0,1013
1699055094979,1285,UserAuthentication,200,OK,Booking 1-17,text,true,,780,250,50,50,https://restful-booker.herokuapp.com/auth,1285,0,971
1699055095019,1251,UserAuthentication,200,OK,Booking 1-19,text,true,,780,250,50,50,https://restful-booker.herokuapp.com/auth,1251,0,933
1699055095000,1292,UserAuthentication,200,OK,Booking 1-18,text,true,,271,250,50,50,https://restful-booker.herokuapp.com/auth,1292,0,967
1699055095039,1313,UserAuthentication,200,OK,Booking 1-20,text,true,,780,250,50,50,https://restful-booker.herokuapp.com/auth,1313,0,994
1699055095059,1317,UserAuthentication,200,OK,Booking 1-21,text,true,,780,250,50,50,https://restful-booker.herokuapp.com/auth,1317,0,979
1699055095099,1278,UserAuthentication,200,OK,Booking 1-23,text,true,,271,250,50,50,https://restful-booker.herokuapp.com/auth,1278,0,962
1699055095079,1299,UserAuthentication,200,OK,Booking 1-22,text,true,,780,250,50,50,https://restful-booker.herokuapp.com/auth,1299,0,982
1699055095139,1298,UserAuthentication,200,OK,Booking 1-25,text,true,,271,250,50,50,https://restful-booker.herokuapp.com/auth,1298,0,992
1699055095160,1301,UserAuthentication,200,OK,Booking 1-26,text,true,,780,250,50,50,https://restful-booker.herokuapp.com/auth,1301,0,984
1699055095219,1248,UserAuthentication,200,OK,Booking 1-29,text,true,,780,250,50,50,https://restful-booker.herokuapp.com/auth,1248,0,938
1699055095120,1350,UserAuthentication,200,OK,Booking 1-24,text,true,,271,250,50,50,https://restful-booker.herokuapp.com/auth,1350,0,1029
1699055095179,1292,UserAuthentication,200,OK,Booking 1-27,text,true,,780,250,50,50,https://restful-booker.herokuapp.com/auth,1292,0,972
1699055095299,1311,UserAuthentication,200,OK,Booking 1-33,text,true,,776,250,50,50,https://restful-booker.herokuapp.com/auth,1311,0,978
1699055095239,1372,UserAuthentication,200,OK,Booking 1-30,text,true,,271,250,50,50,https://restful-booker.herokuapp.com/auth,1372,0,1045
1699055095259,1352,UserAuthentication,200,OK,Booking 1-31,text,true,,271,250,50,50,https://restful-booker.herokuapp.com/auth,1352,0,1026
1699055095341,1270,UserAuthentication,200,OK,Booking 1-35,text,true,,271,250,50,50,https://restful-booker.herokuapp.com/auth,1270,0,952
1699055094680,1931,UserAuthentication,200,OK,Booking 1-2,text,true,,776,250,50,50,https://restful-booker.herokuapp.com/auth,1931,0,1620
1699055095280,1331,UserAuthentication,200,OK,Booking 1-32,text,true,,271,250,50,50,https://restful-booker.herokuapp.com/auth,1331,0,1012
1699055095319,1299,UserAuthentication,200,OK,Booking 1-34,text,true,,776,250,50,50,https://restful-booker.herokuapp.com/auth,1299,0,975
1699055094700,1965,UserAuthentication,200,OK,Booking 1-3,text,true,,271,250,50,50,https://restful-booker.herokuapp.com/auth,1965,0,1653
1699055095379,1395,UserAuthentication,200,OK,Booking 1-37,text,true,,271,250,50,50,https://restful-booker.herokuapp.com/auth,1395,0,997
1699055095360,1414,UserAuthentication,200,OK,Booking 1-36,text,true,,776,250,50,50,https://restful-booker.herokuapp.com/auth,1414,0,1016
1699055095459,1315,UserAuthentication,200,OK,Booking 1-41,text,true,,776,250,50,50,https://restful-booker.herokuapp.com/auth,1315,0,989
1699055095420,1355,UserAuthentication,200,OK,Booking 1-39,text,true,,776,250,50,50,https://restful-booker.herokuapp.com/auth,1354,0,992
1699055095500,1275,UserAuthentication,200,OK,Booking 1-43,text,true,,776,250,50,50,https://restful-booker.herokuapp.com/auth,1275,0,953
1699055095520,1255,UserAuthentication,200,OK,Booking 1-44,text,true,,776,250,50,50,https://restful-booker.herokuapp.com/auth,1255,0,943
1699055095479,1296,UserAuthentication,200,OK,Booking 1-42,text,true,,776,250,50,50,https://restful-booker.herokuapp.com/auth,1296,0,979
1699055095440,1334,UserAuthentication,200,OK,Booking 1-40,text,true,,271,250,50,50,https://restful-booker.herokuapp.com/auth,1334,0,963
1699055096185,628,GetBookingID's,200,OK,Booking 1-7,text,true,,21111,137,50,50,https://restful-booker.herokuapp.com/booking,325,0,0
1699055096202,664,GetBookingID's,200,OK,Booking 1-8,text,true,,21111,137,50,50,https://restful-booker.herokuapp.com/booking,344,0,0
1699055095579,1288,UserAuthentication,200,OK,Booking 1-47,text,true,,271,250,50,50,https://restful-booker.herokuapp.com/auth,1288,0,969
1699055096258,638,GetBookingID's,200,OK,Booking 1-15,text,true,,21639,137,50,50,https://restful-booker.herokuapp.com/booking,328,0,0
1699055096611,359,GetBookingID's,200,OK,Booking 1-33,text,true,,21130,137,50,50,https://restful-booker.herokuapp.com/booking,354,0,0
1699055096294,683,GetBookingID's,200,OK,Booking 1-18,text,true,,21635,137,50,50,https://restful-booker.herokuapp.com/booking,339,0,0
1699055095619,1359,UserAuthentication,200,OK,Booking 1-49,text,true,,776,250,50,50,https://restful-booker.herokuapp.com/auth,1359,0,992
1699055096438,639,GetBookingID's,200,OK,Booking 1-25,text,true,,21654,137,50,50,https://restful-booker.herokuapp.com/booking,337,0,0
1699055096378,706,GetBookingID's,200,OK,Booking 1-23,text,true,,21635,137,50,50,https://restful-booker.herokuapp.com/booking,397,0,0
1699055096469,620,GetBookingID's,200,OK,Booking 1-29,text,true,,21654,137,50,50,https://restful-booker.herokuapp.com/booking,316,0,0
1699055094879,2214,UserAuthentication,200,OK,Booking 1-12,text,true,,776,250,50,50,https://restful-booker.herokuapp.com/auth,2214,0,1895
1699055096814,332,CreateBooking,200,OK,Booking 1-7,text,true,,948,467,50,50,https://restful-booker.herokuapp.com/booking,332,0,0
1699055096867,313,CreateBooking,200,OK,Booking 1-8,text,true,,949,468,50,50,https://restful-booker.herokuapp.com/booking,313,0,0
1699055096971,307,CreateBooking,200,OK,Booking 1-33,text,true,,443,467,50,50,https://restful-booker.herokuapp.com/booking,307,0,0
1699055096612,681,GetBookingID's,200,OK,Booking 1-2,text,true,,21130,137,50,50,https://restful-booker.herokuapp.com/booking,678,0,0
1699055096978,315,CreateBooking,200,OK,Booking 1-18,text,true,,947,466,50,50,https://restful-booker.herokuapp.com/booking,315,0,0
1699055096666,685,GetBookingID's,200,OK,Booking 1-3,text,true,,21654,137,50,50,https://restful-booker.herokuapp.com/booking,681,0,0
1699055094720,2653,UserAuthentication,200,OK,Booking 1-4,text,true,,271,250,50,50,https://restful-booker.herokuapp.com/auth,2653,0,2335
1699055097077,308,CreateBooking,200,OK,Booking 1-25,text,true,,446,470,50,50,https://restful-booker.herokuapp.com/booking,308,0,0
1699055094900,2487,UserAuthentication,200,OK,Booking 1-13,text,true,,776,250,50,50,https://restful-booker.herokuapp.com/auth,2487,0,2172
1699055094840,2555,UserAuthentication,200,OK,Booking 1-10,text,true,,776,250,50,50,https://restful-booker.herokuapp.com/auth,2555,0,2232
1699055097090,306,CreateBooking,200,OK,Booking 1-29,text,true,,944,463,50,50,https://restful-booker.herokuapp.com/booking,306,0,0
1699055096354,1048,GetBookingID's,200,OK,Booking 1-20,text,true,,21635,137,50,50,https://restful-booker.herokuapp.com/booking,1048,0,0
1699055097085,318,CreateBooking,200,OK,Booking 1-23,text,true,,441,465,50,50,https://restful-booker.herokuapp.com/booking,318,0,0
1699055096775,633,GetBookingID's,200,OK,Booking 1-37,text,true,,21149,137,50,50,https://restful-booker.herokuapp.com/booking,335,0,0
1699055097148,314,DataUpdate,200,OK,Booking 1-7,text,true,,920,355,50,50,https://restful-booker.herokuapp.com/booking/1640,314,0,0
1699055096185,1289,GetBookingID's,200,OK,Booking 1-1,text,true,,21620,137,50,50,https://restful-booker.herokuapp.com/booking,1288,0,0
1699055096205,1287,GetBookingID's,200,OK,Booking 1-6,text,true,,21111,137,50,50,https://restful-booker.herokuapp.com/booking,1285,0,0
1699055096868,628,GetBookingID's,200,OK,Booking 1-47,text,true,,21692,137,50,50,https://restful-booker.herokuapp.com/booking,329,0,0
1699055097181,317,DataUpdate,200,OK,Booking 1-8,text,true,,919,355,50,50,https://restful-booker.herokuapp.com/booking/1641,317,0,0
1699055095399,2162,UserAuthentication,200,OK,Booking 1-38,text,true,,776,250,50,50,https://restful-booker.herokuapp.com/auth,2162,0,981
1699055097279,306,DataUpdate,200,OK,Booking 1-33,text,true,,415,355,50,50,https://restful-booker.herokuapp.com/booking/1643,306,0,0
1699055097294,307,CreateBooking,200,OK,Booking 1-2,text,true,,445,469,50,50,https://restful-booker.herokuapp.com/booking,307,0,0
1699055096978,634,GetBookingID's,200,OK,Booking 1-49,text,true,,21749,137,50,50,https://restful-booker.herokuapp.com/booking,333,0,0
1699055097294,322,DataUpdate,200,OK,Booking 1-18,text,true,,918,355,50,50,https://restful-booker.herokuapp.com/booking/1644,322,0,0
1699055094740,2902,UserAuthentication,200,OK,Booking 1-5,text,true,,776,250,50,50,https://restful-booker.herokuapp.com/auth,2902,0,2579
1699055097352,306,CreateBooking,200,OK,Booking 1-3,text,true,,946,465,50,50,https://restful-booker.herokuapp.com/booking,306,0,0
1699055097386,326,DataUpdate,200,OK,Booking 1-25,text,true,,417,355,50,50,https://restful-booker.herokuapp.com/booking/1645,326,0,0
1699055097397,316,DataUpdate,200,OK,Booking 1-29,text,true,,919,355,50,50,https://restful-booker.herokuapp.com/booking/1647,316,0,0
1699055097402,322,CreateBooking,200,OK,Booking 1-20,text,true,,946,465,50,50,https://restful-booker.herokuapp.com/booking,322,0,0
1699055097404,333,DataUpdate,200,OK,Booking 1-23,text,true,,920,355,50,50,https://restful-booker.herokuapp.com/booking/1646,333,0,0
1699055097409,330,CreateBooking,200,OK,Booking 1-37,text,true,,952,471,50,50,https://restful-booker.herokuapp.com/booking,330,0,0
1699055097093,652,GetBookingID's,200,OK,Booking 1-12,text,true,,21806,137,50,50,https://restful-booker.herokuapp.com/booking,647,0,0
1699055096776,980,GetBookingID's,200,OK,Booking 1-40,text,true,,21654,137,50,50,https://restful-booker.herokuapp.com/booking,980,0,0
1699055096775,988,GetBookingID's,200,OK,Booking 1-41,text,true,,21654,137,50,50,https://restful-booker.herokuapp.com/booking,987,0,0
1699055097463,315,DataDelete,201,Created,Booking 1-7,text,true,,753,292,50,50,https://restful-booker.herokuapp.com/booking/1640,315,0,0
1699055097475,327,CreateBooking,200,OK,Booking 1-1,text,true,,951,470,49,49,https://restful-booker.herokuapp.com/booking,327,0,0
1699055097493,324,CreateBooking,200,OK,Booking 1-6,text,true,,954,473,49,49,https://restful-booker.herokuapp.com/booking,324,0,0
1699055096265,1560,GetBookingID's,200,OK,Booking 1-17,text,true,,21639,137,49,49,https://restful-booker.herokuapp.com/booking,1250,0,0
1699055097497,330,CreateBooking,200,OK,Booking 1-47,text,true,,951,470,49,49,https://restful-booker.herokuapp.com/booking,330,0,0
1699055097498,336,DataDelete,201,Created,Booking 1-8,text,true,,753,292,49,49,https://restful-booker.herokuapp.com/booking/1641,336,0,0
1699055095639,2216,UserAuthentication,200,OK,Booking 1-50,text,true,,776,250,48,48,https://restful-booker.herokuapp.com/auth,2216,0,996
1699055096271,1590,GetBookingID's,200,OK,Booking 1-19,text,true,,21635,137,48,48,https://restful-booker.herokuapp.com/booking,1590,0,0
1699055095599,2266,UserAuthentication,200,OK,Booking 1-48,text,true,,776,250,48,48,https://restful-booker.herokuapp.com/auth,2266,0,1952
1699055096471,1404,GetBookingID's,200,OK,Booking 1-24,text,true,,21149,137,48,48,https://restful-booker.herokuapp.com/booking,1087,0,0
1699055097585,315,DataDelete,201,Created,Booking 1-33,text,true,,753,292,48,48,https://restful-booker.herokuapp.com/booking/1643,315,0,0
1699055096265,1636,GetBookingID's,200,OK,Booking 1-14,text,true,,21639,137,48,48,https://restful-booker.herokuapp.com/booking,1636,0,0
1699055097602,308,DataUpdate,200,OK,Booking 1-2,text,true,,918,355,47,47,https://restful-booker.herokuapp.com/booking/1650,308,0,0
1699055097613,316,CreateBooking,200,OK,Booking 1-49,text,true,,444,468,47,47,https://restful-booker.herokuapp.com/booking,316,0,0
1699055096612,1319,GetBookingID's,200,OK,Booking 1-35,text,true,,21635,137,47,47,https://restful-booker.herokuapp.com/booking,1101,0,0
1699055097616,319,DataDelete,201,Created,Booking 1-18,text,true,,753,292,47,47,https://restful-booker.herokuapp.com/booking/1644,319,0,0
1699055094859,3076,UserAuthentication,200,OK,Booking 1-11,text,true,,776,250,47,47,https://restful-booker.herokuapp.com/auth,3076,0,2757
1699055097659,308,DataUpdate,200,OK,Booking 1-3,text,true,,918,355,46,46,https://restful-booker.herokuapp.com/booking/1651,308,0,0
1699055096897,1084,CreateBooking,200,OK,Booking 1-15,text,true,,950,469,46,46,https://restful-booker.herokuapp.com/booking,1084,0,0
1699055096377,1620,GetBookingID's,200,OK,Booking 1-21,text,true,,21635,137,46,46,https://restful-booker.herokuapp.com/booking,1312,0,0
1699055097713,303,DataDelete,201,Created,Booking 1-25,text,true,,753,292,46,46,https://restful-booker.herokuapp.com/booking/1645,303,0,0
1699055097713,305,DataDelete,201,Created,Booking 1-29,text,true,,753,292,45,45,https://restful-booker.herokuapp.com/booking/1647,305,0,0
1699055096379,1659,GetBookingID's,200,OK,Booking 1-22,text,true,,21635,137,44,44,https://restful-booker.herokuapp.com/booking,1344,0,0
1699055096776,1265,GetBookingID's,200,OK,Booking 1-44,text,true,,21654,137,44,44,https://restful-booker.herokuapp.com/booking,1059,0,0
1699055097725,330,DataUpdate,200,OK,Booking 1-20,text,true,,414,355,44,44,https://restful-booker.herokuapp.com/booking/1652,330,0,0
1699055097738,320,DataDelete,201,Created,Booking 1-23,text,true,,753,292,44,44,https://restful-booker.herokuapp.com/booking/1646,320,0,0
1699055097739,320,DataUpdate,200,OK,Booking 1-37,text,true,,414,355,43,43,https://restful-booker.herokuapp.com/booking/1653,320,0,0
1699055097745,348,CreateBooking,200,OK,Booking 1-12,text,true,,948,467,43,43,https://restful-booker.herokuapp.com/booking,348,0,0
1699055097374,721,GetBookingID's,200,OK,Booking 1-4,text,true,,21358,137,43,43,https://restful-booker.herokuapp.com/booking,646,0,0
1699055097764,331,CreateBooking,200,OK,Booking 1-41,text,true,,945,464,43,43,https://restful-booker.herokuapp.com/booking,331,0,0
1699055097757,338,CreateBooking,200,OK,Booking 1-40,text,true,,446,470,43,43,https://restful-booker.herokuapp.com/booking,338,0,0
1699055097803,321,DataUpdate,200,OK,Booking 1-1,text,true,,920,355,43,43,https://restful-booker.herokuapp.com/booking/1655,321,0,0
1699055096472,1652,GetBookingID's,200,OK,Booking 1-27,text,true,,21654,137,43,43,https://restful-booker.herokuapp.com/booking,1324,0,0
1699055095539,2585,UserAuthentication,200,OK,Booking 1-45,text,true,,776,250,43,43,https://restful-booker.herokuapp.com/auth,2585,0,2263
1699055095199,2925,UserAuthentication,200,OK,Booking 1-28,text,true,,776,250,43,43,https://restful-booker.herokuapp.com/auth,2925,0,2603
1699055096200,1947,GetBookingID's,200,OK,Booking 1-9,text,true,,21620,137,43,43,https://restful-booker.herokuapp.com/booking,1617,0,0
1699055097826,321,CreateBooking,200,OK,Booking 1-17,text,true,,950,469,43,43,https://restful-booker.herokuapp.com/booking,321,0,0
1699055097818,330,DataUpdate,200,OK,Booking 1-6,text,true,,923,355,43,43,https://restful-booker.herokuapp.com/booking/1656,330,0,0
1699055096462,1688,GetBookingID's,200,OK,Booking 1-26,text,true,,21654,137,43,43,https://restful-booker.herokuapp.com/booking,1053,0,0
1699055097828,323,DataUpdate,200,OK,Booking 1-47,text,true,,415,355,43,43,https://restful-booker.herokuapp.com/booking/1658,323,0,0
1699055096775,1379,GetBookingID's,200,OK,Booking 1-43,text,true,,21149,137,43,43,https://restful-booker.herokuapp.com/booking,1378,0,0
1699055097861,311,CreateBooking,200,OK,Booking 1-19,text,true,,951,470,43,43,https://restful-booker.herokuapp.com/booking,311,0,0
1699055097876,326,CreateBooking,200,OK,Booking 1-24,text,true,,948,467,43,43,https://restful-booker.herokuapp.com/booking,326,0,0
1699055094960,3248,UserAuthentication,200,OK,Booking 1-16,text,true,,776,250,43,43,https://restful-booker.herokuapp.com/auth,3248,0,2935
1699055097562,649,GetBookingID's,200,OK,Booking 1-38,text,true,,21958,137,43,43,https://restful-booker.herokuapp.com/booking,338,0,0
1699055097901,315,CreateBooking,200,OK,Booking 1-14,text,true,,439,463,43,43,https://restful-booker.herokuapp.com/booking,315,0,0
1699055097910,311,DataDelete,201,Created,Booking 1-2,text,true,,753,292,43,43,https://restful-booker.herokuapp.com/booking/1650,311,0,0
1699055096612,1627,GetBookingID's,200,OK,Booking 1-31,text,true,,21635,137,42,42,https://restful-booker.herokuapp.com/booking,1623,0,0
1699055097930,316,DataUpdate,200,OK,Booking 1-49,text,true,,919,355,42,42,https://restful-booker.herokuapp.com/booking/1662,316,0,0
1699055097931,316,CreateBooking,200,OK,Booking 1-35,text,true,,954,473,42,42,https://restful-booker.herokuapp.com/booking,316,0,0
1699055097967,333,DataDelete,201,Created,Booking 1-3,text,true,,753,292,42,42,https://restful-booker.herokuapp.com/booking/1651,333,0,0
1699055096612,1688,GetBookingID's,200,OK,Booking 1-30,text,true,,21635,137,42,42,https://restful-booker.herokuapp.com/booking,1688,0,0
1699055097643,657,GetBookingID's,200,OK,Booking 1-5,text,true,,21996,137,42,42,https://restful-booker.herokuapp.com/booking,657,0,0
1699055097998,315,CreateBooking,200,OK,Booking 1-21,text,true,,950,469,41,41,https://restful-booker.herokuapp.com/booking,315,0,0
1699055097388,953,GetBookingID's,200,OK,Booking 1-13,text,true,,21863,137,41,41,https://restful-booker.herokuapp.com/booking,645,0,0
1699055098042,307,CreateBooking,200,OK,Booking 1-44,text,true,,950,469,41,41,https://restful-booker.herokuapp.com/booking,307,0,0
1699055095560,2790,UserAuthentication,200,OK,Booking 1-46,text,true,,776,250,41,41,https://restful-booker.herokuapp.com/auth,2790,0,2484
1699055098039,315,CreateBooking,200,OK,Booking 1-22,text,true,,944,463,41,41,https://restful-booker.herokuapp.com/booking,315,0,0
1699055097396,964,GetBookingID's,200,OK,Booking 1-10,text,true,,21882,137,41,41,https://restful-booker.herokuapp.com/booking,656,0,0
1699055098055,349,DataDelete,201,Created,Booking 1-20,text,true,,753,292,41,41,https://restful-booker.herokuapp.com/booking/1652,349,0,0
1699055098060,350,DataDelete,201,Created,Booking 1-37,text,true,,753,292,40,40,https://restful-booker.herokuapp.com/booking/1653,350,0,0
1699055098094,322,DataUpdate,200,OK,Booking 1-12,text,true,,919,355,39,39,https://restful-booker.herokuapp.com/booking/1665,322,0,0
1699055096776,1652,GetBookingID's,200,OK,Booking 1-42,text,true,,21654,137,39,39,https://restful-booker.herokuapp.com/booking,1344,0,0
1699055098095,335,DataUpdate,200,OK,Booking 1-41,text,true,,413,355,39,39,https://restful-booker.herokuapp.com/booking/1668,335,0,0
1699055098095,336,CreateBooking,200,OK,Booking 1-4,text,true,,953,472,39,39,https://restful-booker.herokuapp.com/booking,336,0,0
1699055098095,337,DataUpdate,200,OK,Booking 1-40,text,true,,919,355,39,39,https://restful-booker.herokuapp.com/booking/1666,337,0,0
1699055096775,1664,GetBookingID's,200,OK,Booking 1-39,text,true,,21654,137,39,39,https://restful-booker.herokuapp.com/booking,1662,0,0
1699055096775,1668,GetBookingID's,200,OK,Booking 1-36,text,true,,21654,137,39,39,https://restful-booker.herokuapp.com/booking,1368,0,0
1699055098124,325,DataDelete,201,Created,Booking 1-1,text,true,,248,292,39,39,https://restful-booker.herokuapp.com/booking/1655,325,0,0
1699055098124,333,CreateBooking,200,OK,Booking 1-27,text,true,,442,466,38,38,https://restful-booker.herokuapp.com/booking,333,0,0
1699055098148,311,DataUpdate,200,OK,Booking 1-17,text,true,,918,355,38,38,https://restful-booker.herokuapp.com/booking/1670,311,0,0
1699055098147,314,CreateBooking,200,OK,Booking 1-9,text,true,,444,468,38,38,https://restful-booker.herokuapp.com/booking,314,0,0
1699055098154,313,CreateBooking,200,OK,Booking 1-43,text,true,,953,472,38,38,https://restful-booker.herokuapp.com/booking,313,0,0
1699055098149,318,DataDelete,201,Created,Booking 1-6,text,true,,753,292,38,38,https://restful-booker.herokuapp.com/booking/1656,318,0,0
1699055098151,318,CreateBooking,200,OK,Booking 1-26,text,true,,950,469,37,37,https://restful-booker.herokuapp.com/booking,318,0,0
1699055098152,324,DataDelete,201,Created,Booking 1-47,text,true,,753,292,37,37,https://restful-booker.herokuapp.com/booking/1658,324,0,0
1699055098172,308,DataUpdate,200,OK,Booking 1-19,text,true,,920,355,36,36,https://restful-booker.herokuapp.com/booking/1671,308,0,0
1699055097856,636,GetBookingID's,200,OK,Booking 1-50,text,true,,22053,137,36,36,https://restful-booker.herokuapp.com/booking,334,0,0
1699055098203,327,DataUpdate,200,OK,Booking 1-24,text,true,,920,355,36,36,https://restful-booker.herokuapp.com/booking/1672,327,0,0
1699055098212,319,CreateBooking,200,OK,Booking 1-38,text,true,,443,467,36,36,https://restful-booker.herokuapp.com/booking,319,0,0
1699055098216,315,DataUpdate,200,OK,Booking 1-14,text,true,,918,355,36,36,https://restful-booker.herokuapp.com/booking/1673,315,0,0
1699055098240,316,CreateBooking,200,OK,Booking 1-31,text,true,,950,469,36,36,https://restful-booker.herokuapp.com/booking,316,0,0
1699055098246,316,DataDelete,201,Created,Booking 1-49,text,true,,753,292,36,36,https://restful-booker.herokuapp.com/booking/1662,316,0,0
1699055098247,318,DataUpdate,200,OK,Booking 1-35,text,true,,922,355,35,35,https://restful-booker.herokuapp.com/booking/1674,318,0,0
1699055096619,1983,GetBookingID's,200,OK,Booking 1-34,text,true,,21635,137,35,35,https://restful-booker.herokuapp.com/booking,1681,0,0
1699055097937,671,GetBookingID's,200,OK,Booking 1-11,text,true,,21605,137,35,35,https://restful-booker.herokuapp.com/booking,647,0,0
1699055096612,1997,GetBookingID's,200,OK,Booking 1-32,text,true,,21635,137,35,35,https://restful-booker.herokuapp.com/booking,1688,0,0
1699055098301,322,CreateBooking,200,OK,Booking 1-30,text,true,,947,470,35,35,https://restful-booker.herokuapp.com/booking,322,0,0
1699055098301,323,CreateBooking,200,OK,Booking 1-5,text,true,,945,468,35,35,https://restful-booker.herokuapp.com/booking,323,0,0
1699055098314,317,DataUpdate,200,OK,Booking 1-21,text,true,,418,355,35,35,https://restful-booker.herokuapp.com/booking/1676,317,0,0
1699055098350,306,DataUpdate,200,OK,Booking 1-44,text,true,,919,355,35,35,https://restful-booker.herokuapp.com/booking/1679,306,0,0
1699055098342,315,CreateBooking,200,OK,Booking 1-13,text,true,,949,472,35,35,https://restful-booker.herokuapp.com/booking,315,0,0
1699055098355,316,DataUpdate,200,OK,Booking 1-22,text,true,,915,355,35,35,https://restful-booker.herokuapp.com/booking/1678,316,0,0
1699055098360,317,CreateBooking,200,OK,Booking 1-10,text,true,,951,474,35,35,https://restful-booker.herokuapp.com/booking,317,0,0
1699055098417,325,DataDelete,201,Created,Booking 1-12,text,true,,248,292,35,35,https://restful-booker.herokuapp.com/booking/1665,325,0,0
1699055098430,312,DataDelete,201,Created,Booking 1-41,text,true,,749,292,35,35,https://restful-booker.herokuapp.com/booking/1668,312,0,0
1699055098429,313,CreateBooking,200,OK,Booking 1-42,text,true,,941,464,35,35,https://restful-booker.herokuapp.com/booking,313,0,0
1699055098433,310,DataDelete,201,Created,Booking 1-40,text,true,,749,292,34,34,https://restful-booker.herokuapp.com/booking/1666,310,0,0
1699055098432,316,DataUpdate,200,OK,Booking 1-4,text,true,,919,355,32,32,https://restful-booker.herokuapp.com/booking/1681,316,0,0
1699055098440,315,CreateBooking,200,OK,Booking 1-39,text,true,,941,464,32,32,https://restful-booker.herokuapp.com/booking,315,0,0
1699055098444,321,CreateBooking,200,OK,Booking 1-36,text,true,,943,466,32,32,https://restful-booker.herokuapp.com/booking,321,0,0
1699055098125,641,GetBookingID's,200,OK,Booking 1-45,text,true,,22186,137,32,32,https://restful-booker.herokuapp.com/booking,641,0,0
1699055098460,307,DataDelete,201,Created,Booking 1-17,text,true,,749,292,32,32,https://restful-booker.herokuapp.com/booking/1670,307,0,0
1699055098457,319,DataUpdate,200,OK,Booking 1-27,text,true,,915,355,31,31,https://restful-booker.herokuapp.com/booking/1682,319,0,0
1699055098467,312,DataUpdate,200,OK,Booking 1-43,text,true,,417,355,31,31,https://restful-booker.herokuapp.com/booking/1685,312,0,0
1699055098462,317,DataUpdate,200,OK,Booking 1-9,text,true,,919,355,31,31,https://restful-booker.herokuapp.com/booking/1683,317,0,0
1699055098481,305,DataDelete,201,Created,Booking 1-19,text,true,,749,292,31,31,https://restful-booker.herokuapp.com/booking/1671,305,0,0
1699055098469,318,DataUpdate,200,OK,Booking 1-26,text,true,,919,355,31,31,https://restful-booker.herokuapp.com/booking/1684,318,0,0
1699055097866,942,GetBookingID's,200,OK,Booking 1-48,text,true,,22053,137,30,30,https://restful-booker.herokuapp.com/booking,942,0,0
1699055098493,316,CreateBooking,200,OK,Booking 1-50,text,true,,948,471,30,30,https://restful-booker.herokuapp.com/booking,316,0,0
1699055098209,626,GetBookingID's,200,OK,Booking 1-16,text,true,,21738,137,30,30,https://restful-booker.herokuapp.com/booking,622,0,0
1699055098530,319,DataDelete,201,Created,Booking 1-24,text,true,,749,292,30,30,https://restful-booker.herokuapp.com/booking/1672,319,0,0
1699055098532,318,DataDelete,201,Created,Booking 1-14,text,true,,749,292,30,30,https://restful-booker.herokuapp.com/booking/1673,318,0,0
1699055098532,319,DataUpdate,200,OK,Booking 1-38,text,true,,915,355,28,28,https://restful-booker.herokuapp.com/booking/1688,319,0,0
1699055098557,316,DataUpdate,200,OK,Booking 1-31,text,true,,915,355,28,28,https://restful-booker.herokuapp.com/booking/1689,316,0,0
1699055098566,311,DataDelete,201,Created,Booking 1-35,text,true,,248,292,28,28,https://restful-booker.herokuapp.com/booking/1674,311,0,0
1699055098603,316,CreateBooking,200,OK,Booking 1-34,text,true,,944,467,27,27,https://restful-booker.herokuapp.com/booking,316,0,0
1699055098609,319,CreateBooking,200,OK,Booking 1-11,text,true,,945,468,27,27,https://restful-booker.herokuapp.com/booking,319,0,0
1699055098609,319,CreateBooking,200,OK,Booking 1-32,text,true,,947,470,27,27,https://restful-booker.herokuapp.com/booking,319,0,0
1699055098624,315,DataUpdate,200,OK,Booking 1-30,text,true,,915,355,27,27,https://restful-booker.herokuapp.com/booking/1692,315,0,0
1699055098625,321,DataUpdate,200,OK,Booking 1-5,text,true,,915,355,27,27,https://restful-booker.herokuapp.com/booking/1691,321,0,0
1699055098632,315,DataDelete,201,Created,Booking 1-21,text,true,,749,292,27,27,https://restful-booker.herokuapp.com/booking/1676,315,0,0
1699055098657,305,DataDelete,201,Created,Booking 1-44,text,true,,749,292,26,26,https://restful-booker.herokuapp.com/booking/1679,305,0,0
1699055098658,317,DataUpdate,200,OK,Booking 1-13,text,true,,418,355,25,25,https://restful-booker.herokuapp.com/booking/1693,317,0,0
1699055098672,317,DataDelete,201,Created,Booking 1-22,text,true,,749,292,25,25,https://restful-booker.herokuapp.com/booking/1678,317,0,0
1699055098677,317,DataUpdate,200,OK,Booking 1-10,text,true,,418,355,24,24,https://restful-booker.herokuapp.com/booking/1694,317,0,0
1699055097982,1053,DataUpdate,200,OK,Booking 1-15,text,true,,915,355,24,24,https://restful-booker.herokuapp.com/booking/1663,1053,0,0
1699055098743,315,DataUpdate,200,OK,Booking 1-42,text,true,,413,355,24,24,https://restful-booker.herokuapp.com/booking/1697,315,0,0
1699055098748,314,DataDelete,201,Created,Booking 1-4,text,true,,248,292,24,24,https://restful-booker.herokuapp.com/booking/1681,314,0,0
1699055098756,314,DataUpdate,200,OK,Booking 1-39,text,true,,916,355,23,23,https://restful-booker.herokuapp.com/booking/1698,314,0,0
1699055098766,315,DataUpdate,200,OK,Booking 1-36,text,true,,915,355,23,23,https://restful-booker.herokuapp.com/booking/1699,315,0,0
1699055098767,324,CreateBooking,200,OK,Booking 1-45,text,true,,948,471,23,23,https://restful-booker.herokuapp.com/booking,324,0,0
1699055098779,312,DataDelete,201,Created,Booking 1-43,text,true,,749,292,23,23,https://restful-booker.herokuapp.com/booking/1685,312,0,0
1699055098776,318,DataDelete,201,Created,Booking 1-27,text,true,,749,292,22,22,https://restful-booker.herokuapp.com/booking/1682,318,0,0
1699055098780,316,DataDelete,201,Created,Booking 1-9,text,true,,248,292,21,21,https://restful-booker.herokuapp.com/booking/1683,316,0,0
1699055098787,314,DataDelete,201,Created,Booking 1-26,text,true,,749,292,20,20,https://restful-booker.herokuapp.com/booking/1684,314,0,0
1699055098809,312,CreateBooking,200,OK,Booking 1-48,text,true,,945,468,19,19,https://restful-booker.herokuapp.com/booking,312,0,0
1699055098809,319,DataUpdate,200,OK,Booking 1-50,text,true,,916,355,19,19,https://restful-booker.herokuapp.com/booking/1701,319,0,0
1699055098836,310,CreateBooking,200,OK,Booking 1-16,text,true,,944,467,19,19,https://restful-booker.herokuapp.com/booking,310,0,0
1699055098852,328,DataDelete,201,Created,Booking 1-38,text,true,,248,292,19,19,https://restful-booker.herokuapp.com/booking/1688,328,0,0
1699055098874,316,DataDelete,201,Created,Booking 1-31,text,true,,749,292,18,18,https://restful-booker.herokuapp.com/booking/1689,316,0,0
1699055098920,315,DataUpdate,200,OK,Booking 1-34,text,true,,915,355,17,17,https://restful-booker.herokuapp.com/booking/1703,315,0,0
1699055098928,316,DataUpdate,200,OK,Booking 1-11,text,true,,915,355,17,17,https://restful-booker.herokuapp.com/booking/1704,316,0,0
1699055098929,317,DataUpdate,200,OK,Booking 1-32,text,true,,918,355,17,17,https://restful-booker.herokuapp.com/booking/1705,317,0,0
1699055098940,316,DataDelete,201,Created,Booking 1-30,text,true,,248,292,17,17,https://restful-booker.herokuapp.com/booking/1692,316,0,0
1699055098946,321,DataDelete,201,Created,Booking 1-5,text,true,,749,292,16,16,https://restful-booker.herokuapp.com/booking/1691,321,0,0
1699055098351,926,GetBookingID's,200,OK,Booking 1-46,text,true,,22315,137,15,15,https://restful-booker.herokuapp.com/booking,920,0,0
1699055098975,316,DataDelete,201,Created,Booking 1-13,text,true,,749,292,15,15,https://restful-booker.herokuapp.com/booking/1693,316,0,0
1699055098994,314,DataDelete,201,Created,Booking 1-10,text,true,,749,292,14,14,https://restful-booker.herokuapp.com/booking/1694,314,0,0
1699055099036,328,DataDelete,201,Created,Booking 1-15,text,true,,749,292,13,13,https://restful-booker.herokuapp.com/booking/1663,328,0,0
1699055099059,312,DataDelete,201,Created,Booking 1-42,text,true,,248,292,12,12,https://restful-booker.herokuapp.com/booking/1697,312,0,0
1699055099071,315,DataDelete,201,Created,Booking 1-39,text,true,,749,292,11,11,https://restful-booker.herokuapp.com/booking/1698,315,0,0
1699055098125,1273,GetBookingID's,200,OK,Booking 1-28,text,true,,22205,137,10,10,https://restful-booker.herokuapp.com/booking,963,0,0
1699055099081,318,DataDelete,201,Created,Booking 1-36,text,true,,749,292,10,10,https://restful-booker.herokuapp.com/booking/1699,318,0,0
1699055099091,326,DataUpdate,200,OK,Booking 1-45,text,true,,415,355,9,9,https://restful-booker.herokuapp.com/booking/1709,326,0,0
1699055099122,316,DataUpdate,200,OK,Booking 1-48,text,true,,915,355,9,9,https://restful-booker.herokuapp.com/booking/1710,316,0,0
1699055099129,316,DataDelete,201,Created,Booking 1-50,text,true,,749,292,9,9,https://restful-booker.herokuapp.com/booking/1701,316,0,0
1699055099147,314,DataUpdate,200,OK,Booking 1-16,text,true,,916,355,8,8,https://restful-booker.herokuapp.com/booking/1711,314,0,0
1699055099235,315,DataDelete,201,Created,Booking 1-34,text,true,,248,292,8,8,https://restful-booker.herokuapp.com/booking/1703,315,0,0
1699055099247,315,DataDelete,201,Created,Booking 1-32,text,true,,248,292,7,7,https://restful-booker.herokuapp.com/booking/1705,315,0,0
1699055099245,317,DataDelete,201,Created,Booking 1-11,text,true,,749,292,7,7,https://restful-booker.herokuapp.com/booking/1704,317,0,0
1699055099277,307,CreateBooking,200,OK,Booking 1-46,text,true,,949,468,5,5,https://restful-booker.herokuapp.com/booking,307,0,0
1699055099398,317,CreateBooking,200,OK,Booking 1-28,text,true,,949,468,5,5,https://restful-booker.herokuapp.com/booking,316,0,0
1699055099418,318,DataDelete,201,Created,Booking 1-45,text,true,,248,292,5,5,https://restful-booker.herokuapp.com/booking/1709,318,0,0
1699055099439,312,DataDelete,201,Created,Booking 1-48,text,true,,753,292,4,4,https://restful-booker.herokuapp.com/booking/1710,312,0,0
1699055099462,310,DataDelete,201,Created,Booking 1-16,text,true,,248,292,3,3,https://restful-booker.herokuapp.com/booking/1711,310,0,0
1699055099585,307,DataUpdate,200,OK,Booking 1-46,text,true,,414,355,2,2,https://restful-booker.herokuapp.com/booking/1715,307,0,0
1699055099715,321,DataUpdate,200,OK,Booking 1-28,text,true,,923,355,2,2,https://restful-booker.herokuapp.com/booking/1716,321,0,0
1699055099892,306,DataDelete,201,Created,Booking 1-46,text,true,,753,292,2,2,https://restful-booker.herokuapp.com/booking/1715,306,0,0
1699055100037,314,DataDelete,201,Created,Booking 1-28,text,true,,753,292,1,1,https://restful-booker.herokuapp.com/booking/1716,314,0,0
