timeStamp,elapsed,label,responseCode,responseMessage,threadName,dataType,success,failureMessage,bytes,sentBytes,grpThreads,allThreads,URL,Latency,IdleTime,Connect
1699055771617,1448,UserAuthentication,200,OK,Booking 1-20,text,true,,772,250,100,100,https://restful-booker.herokuapp.com/auth,1448,0,1144
1699055771457,1613,UserAuthentication,200,OK,Booking 1-4,text,true,,772,250,100,100,https://restful-booker.herokuapp.com/auth,1612,0,1304
1699055771467,1605,UserAuthentication,200,OK,Booking 1-5,text,true,,772,250,100,100,https://restful-booker.herokuapp.com/auth,1605,0,1299
1699055771627,1448,UserAuthentication,200,OK,Booking 1-21,text,true,,772,250,100,100,https://restful-booker.herokuapp.com/auth,1448,0,1146
1699055771666,1428,UserAuthentication,200,OK,Booking 1-25,text,true,,772,250,100,100,https://restful-booker.herokuapp.com/auth,1428,0,1122
1699055771736,1360,UserAuthentication,200,OK,Booking 1-32,text,true,,772,250,100,100,https://restful-booker.herokuapp.com/auth,1360,0,1052
1699055771431,1682,UserAuthentication,200,OK,Booking 1-1,text,true,,772,250,100,100,https://restful-booker.herokuapp.com/auth,1682,0,1370
1699055771447,1679,UserAuthentication,200,OK,Booking 1-3,text,true,,271,250,100,100,https://restful-booker.herokuapp.com/auth,1679,0,1353
1699055771568,1559,UserAuthentication,200,OK,Booking 1-15,text,true,,772,250,100,100,https://restful-booker.herokuapp.com/auth,1559,0,1247
1699055771596,1548,UserAuthentication,200,OK,Booking 1-18,text,true,,772,250,100,100,https://restful-booker.herokuapp.com/auth,1548,0,1236
1699055771557,1599,UserAuthentication,200,OK,Booking 1-14,text,true,,772,250,100,100,https://restful-booker.herokuapp.com/auth,1599,0,1285
1699055771607,1558,UserAuthentication,200,OK,Booking 1-19,text,true,,271,250,100,100,https://restful-booker.herokuapp.com/auth,1558,0,1246
1699055771696,1480,UserAuthentication,200,OK,Booking 1-28,text,true,,772,250,100,100,https://restful-booker.herokuapp.com/auth,1480,0,1168
1699055771806,1388,UserAuthentication,200,OK,Booking 1-39,text,true,,772,250,100,100,https://restful-booker.herokuapp.com/auth,1388,0,1074
1699055771816,1383,UserAuthentication,200,OK,Booking 1-40,text,true,,772,250,100,100,https://restful-booker.herokuapp.com/auth,1383,0,1069
1699055771946,1262,UserAuthentication,200,OK,Booking 1-53,text,true,,271,250,100,100,https://restful-booker.herokuapp.com/auth,1262,0,958
1699055771836,1381,UserAuthentication,200,OK,Booking 1-42,text,true,,772,250,100,100,https://restful-booker.herokuapp.com/auth,1381,0,1068
1699055771886,1357,UserAuthentication,200,OK,Booking 1-47,text,true,,772,250,100,100,https://restful-booker.herokuapp.com/auth,1357,0,1035
1699055771936,1311,UserAuthentication,200,OK,Booking 1-52,text,true,,271,250,100,100,https://restful-booker.herokuapp.com/auth,1311,0,991
1699055771956,1305,UserAuthentication,200,OK,Booking 1-54,text,true,,772,250,100,100,https://restful-booker.herokuapp.com/auth,1305,0,988
1699055771975,1297,UserAuthentication,200,OK,Booking 1-56,text,true,,772,250,100,100,https://restful-booker.herokuapp.com/auth,1297,0,977
1699055771996,1288,UserAuthentication,200,OK,Booking 1-58,text,true,,271,250,100,100,https://restful-booker.herokuapp.com/auth,1288,0,970
1699055772006,1287,UserAuthentication,200,OK,Booking 1-59,text,true,,772,250,100,100,https://restful-booker.herokuapp.com/auth,1287,0,972
1699055772016,1279,UserAuthentication,200,OK,Booking 1-60,text,true,,772,250,100,100,https://restful-booker.herokuapp.com/auth,1279,0,963
1699055772026,1273,UserAuthentication,200,OK,Booking 1-61,text,true,,772,250,100,100,https://restful-booker.herokuapp.com/auth,1273,0,958
1699055772035,1268,UserAuthentication,200,OK,Booking 1-62,text,true,,772,250,100,100,https://restful-booker.herokuapp.com/auth,1268,0,950
1699055772056,1273,UserAuthentication,200,OK,Booking 1-64,text,true,,772,250,100,100,https://restful-booker.herokuapp.com/auth,1273,0,959
1699055772046,1288,UserAuthentication,200,OK,Booking 1-63,text,true,,772,250,100,100,https://restful-booker.herokuapp.com/auth,1288,0,969
1699055772105,1235,UserAuthentication,200,OK,Booking 1-69,text,true,,772,250,100,100,https://restful-booker.herokuapp.com/auth,1235,0,924
1699055772096,1259,UserAuthentication,200,OK,Booking 1-68,text,true,,772,250,100,100,https://restful-booker.herokuapp.com/auth,1259,0,948
1699055772126,1239,UserAuthentication,200,OK,Booking 1-71,text,true,,772,250,100,100,https://restful-booker.herokuapp.com/auth,1239,0,934
1699055772086,1279,UserAuthentication,200,OK,Booking 1-67,text,true,,772,250,100,100,https://restful-booker.herokuapp.com/auth,1279,0,965
1699055772146,1261,UserAuthentication,200,OK,Booking 1-73,text,true,,772,250,100,100,https://restful-booker.herokuapp.com/auth,1261,0,950
1699055771497,1975,UserAuthentication,200,OK,Booking 1-8,text,true,,271,250,100,100,https://restful-booker.herokuapp.com/auth,1975,0,1660
1699055772185,1314,UserAuthentication,200,OK,Booking 1-77,text,true,,772,250,100,100,https://restful-booker.herokuapp.com/auth,1314,0,1003
1699055772166,1371,UserAuthentication,200,OK,Booking 1-75,text,true,,772,250,100,100,https://restful-booker.herokuapp.com/auth,1371,0,1050
1699055772176,1371,UserAuthentication,200,OK,Booking 1-76,text,true,,772,250,100,100,https://restful-booker.herokuapp.com/auth,1371,0,1057
1699055772206,1342,UserAuthentication,200,OK,Booking 1-79,text,true,,772,250,100,100,https://restful-booker.herokuapp.com/auth,1342,0,1030
1699055772216,1339,UserAuthentication,200,OK,Booking 1-80,text,true,,772,250,100,100,https://restful-booker.herokuapp.com/auth,1339,0,1027
1699055772227,1333,UserAuthentication,200,OK,Booking 1-81,text,true,,772,250,100,100,https://restful-booker.herokuapp.com/auth,1333,0,1020
1699055772236,1349,UserAuthentication,200,OK,Booking 1-82,text,true,,772,250,100,100,https://restful-booker.herokuapp.com/auth,1349,0,1018
1699055772266,1320,UserAuthentication,200,OK,Booking 1-85,text,true,,772,250,100,100,https://restful-booker.herokuapp.com/auth,1320,0,989
1699055772247,1350,UserAuthentication,200,OK,Booking 1-83,text,true,,784,250,100,100,https://restful-booker.herokuapp.com/auth,1350,0,1020
1699055772287,1320,UserAuthentication,200,OK,Booking 1-87,text,true,,784,250,100,100,https://restful-booker.herokuapp.com/auth,1320,0,988
1699055772296,1311,UserAuthentication,200,OK,Booking 1-88,text,true,,784,250,100,100,https://restful-booker.herokuapp.com/auth,1311,0,986
1699055772356,1272,UserAuthentication,200,OK,Booking 1-94,text,true,,784,250,100,100,https://restful-booker.herokuapp.com/auth,1272,0,945
1699055772276,1353,UserAuthentication,200,OK,Booking 1-86,text,true,,784,250,100,100,https://restful-booker.herokuapp.com/auth,1353,0,1014
1699055772396,1236,UserAuthentication,200,OK,Booking 1-98,text,true,,784,250,100,100,https://restful-booker.herokuapp.com/auth,1236,0,918
1699055772347,1290,UserAuthentication,200,OK,Booking 1-93,text,true,,784,250,100,100,https://restful-booker.herokuapp.com/auth,1290,0,967
1699055772367,1306,UserAuthentication,200,OK,Booking 1-95,text,true,,784,250,100,100,https://restful-booker.herokuapp.com/auth,1306,0,968
1699055772406,1273,UserAuthentication,200,OK,Booking 1-99,text,true,,271,250,100,100,https://restful-booker.herokuapp.com/auth,1273,0,944
1699055772386,1294,UserAuthentication,200,OK,Booking 1-97,text,true,,271,250,100,100,https://restful-booker.herokuapp.com/auth,1294,0,963
1699055772416,1280,UserAuthentication,200,OK,Booking 1-100,text,true,,271,250,100,100,https://restful-booker.herokuapp.com/auth,1280,0,948
1699055773067,639,GetBookingID's,200,OK,Booking 1-20,text,true,,31584,137,100,100,https://restful-booker.herokuapp.com/booking,325,0,0
1699055773114,635,GetBookingID's,200,OK,Booking 1-1,text,true,,31083,137,100,100,https://restful-booker.herokuapp.com/booking,330,0,0
1699055772076,1680,UserAuthentication,200,OK,Booking 1-66,text,true,,784,250,100,100,https://restful-booker.herokuapp.com/auth,1680,0,1369
1699055773145,637,GetBookingID's,200,OK,Booking 1-18,text,true,,31584,137,100,100,https://restful-booker.herokuapp.com/booking,326,0,0
1699055771647,2135,UserAuthentication,200,OK,Booking 1-23,text,true,,271,250,100,100,https://restful-booker.herokuapp.com/auth,2135,0,1825
1699055773156,648,GetBookingID's,200,OK,Booking 1-14,text,true,,31584,137,100,100,https://restful-booker.herokuapp.com/booking,329,0,0
1699055771636,2244,UserAuthentication,200,OK,Booking 1-22,text,true,,784,250,100,100,https://restful-booker.herokuapp.com/auth,2244,0,1914
1699055771536,2422,UserAuthentication,200,OK,Booking 1-12,text,true,,271,250,100,100,https://restful-booker.herokuapp.com/auth,2422,0,2101
1699055771905,2075,UserAuthentication,200,OK,Booking 1-49,text,true,,784,250,100,100,https://restful-booker.herokuapp.com/auth,2075,0,1737
1699055771966,2021,UserAuthentication,200,OK,Booking 1-55,text,true,,784,250,100,100,https://restful-booker.herokuapp.com/auth,2021,0,1695
1699055773750,311,CreateBooking,200,OK,Booking 1-1,text,true,,959,470,100,100,https://restful-booker.herokuapp.com/booking,311,0,0
1699055773127,957,GetBookingID's,200,OK,Booking 1-3,text,true,,31584,137,100,100,https://restful-booker.herokuapp.com/booking,332,0,0
1699055773782,328,CreateBooking,200,OK,Booking 1-18,text,true,,955,466,100,100,https://restful-booker.herokuapp.com/booking,328,0,0
1699055773499,621,GetBookingID's,200,OK,Booking 1-77,text,true,,31159,137,100,100,https://restful-booker.herokuapp.com/booking,316,0,0
1699055773805,320,CreateBooking,200,OK,Booking 1-14,text,true,,952,463,100,100,https://restful-booker.herokuapp.com/booking,320,0,0
1699055773195,954,GetBookingID's,200,OK,Booking 1-39,text,true,,31121,137,100,100,https://restful-booker.herokuapp.com/booking,952,0,0
1699055771855,2328,UserAuthentication,200,OK,Booking 1-44,text,true,,784,250,100,100,https://restful-booker.herokuapp.com/auth,2328,0,2014
1699055772065,2118,UserAuthentication,200,OK,Booking 1-65,text,true,,784,250,100,100,https://restful-booker.herokuapp.com/auth,2118,0,951
1699055773209,1013,GetBookingID's,200,OK,Booking 1-53,text,true,,31622,137,100,100,https://restful-booker.herokuapp.com/booking,313,0,0
1699055772116,2121,UserAuthentication,200,OK,Booking 1-70,text,true,,271,250,100,100,https://restful-booker.herokuapp.com/auth,2121,0,952
1699055771986,2291,UserAuthentication,200,OK,Booking 1-57,text,true,,784,250,100,100,https://restful-booker.herokuapp.com/auth,2291,0,1963
1699055771756,2606,UserAuthentication,200,OK,Booking 1-34,text,true,,271,250,100,100,https://restful-booker.herokuapp.com/auth,2606,0,1413
1699055771726,2640,UserAuthentication,200,OK,Booking 1-31,text,true,,784,250,100,100,https://restful-booker.herokuapp.com/auth,2640,0,2330
1699055773341,1034,GetBookingID's,200,OK,Booking 1-69,text,true,,31634,137,100,100,https://restful-booker.herokuapp.com/booking,957,0,0
1699055774063,313,DataUpdate,200,OK,Booking 1-1,text,true,,928,355,100,100,https://restful-booker.herokuapp.com/booking/2430,313,0,0
1699055773757,632,GetBookingID's,200,OK,Booking 1-66,text,true,,31748,137,100,100,https://restful-booker.herokuapp.com/booking,324,0,0
1699055773473,918,GetBookingID's,200,OK,Booking 1-8,text,true,,31672,137,100,100,https://restful-booker.herokuapp.com/booking,616,0,0
1699055774084,313,CreateBooking,200,OK,Booking 1-3,text,true,,954,465,100,100,https://restful-booker.herokuapp.com/booking,313,0,0
1699055774121,302,CreateBooking,200,OK,Booking 1-77,text,true,,957,468,100,100,https://restful-booker.herokuapp.com/booking,302,0,0
1699055771786,2640,UserAuthentication,200,OK,Booking 1-37,text,true,,784,250,100,100,https://restful-booker.herokuapp.com/auth,2640,0,2335
1699055774111,316,DataUpdate,200,OK,Booking 1-18,text,true,,926,355,100,100,https://restful-booker.herokuapp.com/booking/2431,316,0,0
1699055774126,316,DataUpdate,200,OK,Booking 1-14,text,true,,413,355,100,100,https://restful-booker.herokuapp.com/booking/2432,316,0,0
1699055773165,1277,GetBookingID's,200,OK,Booking 1-19,text,true,,31102,137,100,100,https://restful-booker.herokuapp.com/booking,964,0,0
1699055772257,2185,UserAuthentication,200,OK,Booking 1-84,text,true,,784,250,100,100,https://restful-booker.herokuapp.com/auth,2185,0,1014
1699055774149,317,CreateBooking,200,OK,Booking 1-39,text,true,,953,464,100,100,https://restful-booker.herokuapp.com/booking,317,0,0
1699055773218,1255,GetBookingID's,200,OK,Booking 1-42,text,true,,31622,137,100,100,https://restful-booker.herokuapp.com/booking,950,0,0
1699055773538,952,GetBookingID's,200,OK,Booking 1-75,text,true,,31672,137,100,100,https://restful-booker.herokuapp.com/booking,950,0,0
1699055772196,2296,UserAuthentication,200,OK,Booking 1-78,text,true,,784,250,100,100,https://restful-booker.herokuapp.com/auth,2296,0,1987
1699055773549,959,GetBookingID's,200,OK,Booking 1-79,text,true,,31159,137,100,100,https://restful-booker.herokuapp.com/booking,959,0,0
1699055772376,2133,UserAuthentication,200,OK,Booking 1-96,text,true,,784,250,100,100,https://restful-booker.herokuapp.com/auth,2133,0,958
1699055773555,975,GetBookingID's,200,OK,Booking 1-80,text,true,,31159,137,100,100,https://restful-booker.herokuapp.com/booking,973,0,0
1699055774223,314,CreateBooking,200,OK,Booking 1-53,text,true,,446,470,100,100,https://restful-booker.herokuapp.com/booking,314,0,0
1699055773261,1278,GetBookingID's,200,OK,Booking 1-54,text,true,,31140,137,100,100,https://restful-booker.herokuapp.com/booking,1276,0,0
1699055773587,953,GetBookingID's,200,OK,Booking 1-85,text,true,,31159,137,100,100,https://restful-booker.herokuapp.com/booking,952,0,0
1699055773272,1280,GetBookingID's,200,OK,Booking 1-56,text,true,,31653,137,100,100,https://restful-booker.herokuapp.com/booking,972,0,0
1699055773630,989,GetBookingID's,200,OK,Booking 1-86,text,true,,31159,137,100,100,https://restful-booker.herokuapp.com/booking,987,0,0
1699055773248,1375,GetBookingID's,200,OK,Booking 1-52,text,true,,31622,137,100,100,https://restful-booker.herokuapp.com/booking,974,0,0
1699055773674,967,GetBookingID's,200,OK,Booking 1-95,text,true,,31653,137,100,100,https://restful-booker.herokuapp.com/booking,967,0,0
1699055771775,2870,UserAuthentication,200,OK,Booking 1-36,text,true,,784,250,100,100,https://restful-booker.herokuapp.com/auth,2870,0,1726
1699055773706,980,CreateBooking,200,OK,Booking 1-20,text,true,,441,465,100,100,https://restful-booker.herokuapp.com/booking,980,0,0
1699055774375,311,CreateBooking,200,OK,Booking 1-69,text,true,,950,465,100,100,https://restful-booker.herokuapp.com/booking,311,0,0
1699055771437,3250,UserAuthentication,200,OK,Booking 1-2,text,true,,780,250,100,100,https://restful-booker.herokuapp.com/auth,3250,0,2934
1699055774376,324,DataDelete,201,Created,Booking 1-1,text,true,,757,292,100,100,https://restful-booker.herokuapp.com/booking/2430,324,0,0
1699055773783,924,GetBookingID's,200,OK,Booking 1-23,text,true,,31767,137,99,99,https://restful-booker.herokuapp.com/booking,616,0,0
1699055774391,317,CreateBooking,200,OK,Booking 1-8,text,true,,953,468,99,99,https://restful-booker.herokuapp.com/booking,317,0,0
1699055774389,321,CreateBooking,200,OK,Booking 1-66,text,true,,953,468,99,99,https://restful-booker.herokuapp.com/booking,321,0,0
1699055773335,1378,GetBookingID's,200,OK,Booking 1-63,text,true,,31634,137,99,99,https://restful-booker.herokuapp.com/booking,1377,0,0
1699055774398,322,DataUpdate,200,OK,Booking 1-3,text,true,,922,355,99,99,https://restful-booker.herokuapp.com/booking/2436,322,0,0
1699055771487,3233,UserAuthentication,200,OK,Booking 1-7,text,true,,784,250,99,99,https://restful-booker.herokuapp.com/auth,3233,0,2050
1699055771526,3194,UserAuthentication,200,OK,Booking 1-11,text,true,,271,250,99,99,https://restful-booker.herokuapp.com/auth,3194,0,2032
1699055773127,1598,GetBookingID's,200,OK,Booking 1-15,text,true,,31584,137,99,99,https://restful-booker.herokuapp.com/booking,1291,0,0
1699055774424,303,DataUpdate,200,OK,Booking 1-77,text,true,,924,355,99,99,https://restful-booker.herokuapp.com/booking/2437,303,0,0
1699055774427,318,DataDelete,201,Created,Booking 1-18,text,true,,757,292,99,99,https://restful-booker.herokuapp.com/booking/2431,318,0,0
1699055773096,1651,GetBookingID's,200,OK,Booking 1-32,text,true,,31083,137,98,98,https://restful-booker.herokuapp.com/booking,1651,0,0
1699055774442,318,DataDelete,201,Created,Booking 1-14,text,true,,248,292,98,98,https://restful-booker.herokuapp.com/booking/2432,318,0,0
1699055774442,318,CreateBooking,200,OK,Booking 1-19,text,true,,955,470,98,98,https://restful-booker.herokuapp.com/booking,318,0,0
1699055773199,1584,GetBookingID's,200,OK,Booking 1-40,text,true,,31622,137,97,97,https://restful-booker.herokuapp.com/booking,1263,0,0
1699055774467,317,DataUpdate,200,OK,Booking 1-39,text,true,,924,355,97,97,https://restful-booker.herokuapp.com/booking/2438,317,0,0
1699055774473,312,CreateBooking,200,OK,Booking 1-42,text,true,,440,464,97,97,https://restful-booker.herokuapp.com/booking,312,0,0
1699055774490,314,CreateBooking,200,OK,Booking 1-75,text,true,,443,467,97,97,https://restful-booker.herokuapp.com/booking,314,0,0
1699055774509,314,CreateBooking,200,OK,Booking 1-79,text,true,,952,467,97,97,https://restful-booker.herokuapp.com/booking,314,0,0
1699055774537,312,DataUpdate,200,OK,Booking 1-53,text,true,,922,355,97,97,https://restful-booker.herokuapp.com/booking/2440,312,0,0
1699055774530,323,CreateBooking,200,OK,Booking 1-80,text,true,,952,467,97,97,https://restful-booker.herokuapp.com/booking,323,0,0
1699055774540,321,CreateBooking,200,OK,Booking 1-54,text,true,,950,465,97,97,https://restful-booker.herokuapp.com/booking,321,0,0
1699055774541,321,CreateBooking,200,OK,Booking 1-85,text,true,,955,470,97,97,https://restful-booker.herokuapp.com/booking,321,0,0
1699055774552,318,CreateBooking,200,OK,Booking 1-56,text,true,,954,469,97,97,https://restful-booker.herokuapp.com/booking,318,0,0
1699055773597,1299,GetBookingID's,200,OK,Booking 1-83,text,true,,31159,137,97,97,https://restful-booker.herokuapp.com/booking,1293,0,0
1699055774237,688,GetBookingID's,200,OK,Booking 1-70,text,true,,31387,137,97,97,https://restful-booker.herokuapp.com/booking,335,0,0
1699055774623,319,CreateBooking,200,OK,Booking 1-52,text,true,,443,467,97,97,https://restful-booker.herokuapp.com/booking,319,0,0
1699055773638,1307,GetBookingID's,200,OK,Booking 1-93,text,true,,31672,137,97,97,https://restful-booker.herokuapp.com/booking,1295,0,0
1699055774620,328,CreateBooking,200,OK,Booking 1-86,text,true,,950,465,97,97,https://restful-booker.herokuapp.com/booking,328,0,0
1699055772317,2651,UserAuthentication,200,OK,Booking 1-90,text,true,,780,250,97,97,https://restful-booker.herokuapp.com/auth,2651,0,2319
1699055773355,1617,GetBookingID's,200,OK,Booking 1-68,text,true,,31634,137,97,97,https://restful-booker.herokuapp.com/booking,1374,0,0
1699055773285,1700,GetBookingID's,200,OK,Booking 1-58,text,true,,31121,137,97,97,https://restful-booker.herokuapp.com/booking,334,0,0
1699055774686,314,DataUpdate,200,OK,Booking 1-20,text,true,,923,355,97,97,https://restful-booker.herokuapp.com/booking/2429,314,0,0
1699055774687,314,DataUpdate,200,OK,Booking 1-69,text,true,,923,355,97,97,https://restful-booker.herokuapp.com/booking/2442,314,0,0
1699055774708,322,CreateBooking,200,OK,Booking 1-23,text,true,,950,465,97,97,https://restful-booker.herokuapp.com/booking,322,0,0
1699055773076,1958,GetBookingID's,200,OK,Booking 1-21,text,true,,31584,137,97,97,https://restful-booker.herokuapp.com/booking,1345,0,0
1699055774727,316,DataDelete,201,Created,Booking 1-77,text,true,,248,292,97,97,https://restful-booker.herokuapp.com/booking/2437,316,0,0
1699055774713,330,CreateBooking,200,OK,Booking 1-63,text,true,,957,472,97,97,https://restful-booker.herokuapp.com/booking,330,0,0
1699055774720,327,DataDelete,201,Created,Booking 1-3,text,true,,757,292,96,96,https://restful-booker.herokuapp.com/booking/2436,327,0,0
1699055774748,313,CreateBooking,200,OK,Booking 1-32,text,true,,446,470,95,95,https://restful-booker.herokuapp.com/booking,313,0,0
1699055774760,391,DataUpdate,200,OK,Booking 1-19,text,true,,924,355,95,95,https://restful-booker.herokuapp.com/booking/2446,391,0,0
1699055774183,971,GetBookingID's,200,OK,Booking 1-44,text,true,,31881,137,95,95,https://restful-booker.herokuapp.com/booking,618,0,0
1699055774443,720,GetBookingID's,200,OK,Booking 1-84,text,true,,31953,137,95,95,https://restful-booker.herokuapp.com/booking,332,0,0
1699055774784,387,DataDelete,201,Created,Booking 1-39,text,true,,757,292,95,95,https://restful-booker.herokuapp.com/booking/2438,387,0,0
1699055774785,387,DataUpdate,200,OK,Booking 1-42,text,true,,413,355,94,94,https://restful-booker.herokuapp.com/booking/2448,387,0,0
1699055774804,371,DataUpdate,200,OK,Booking 1-75,text,true,,924,355,94,94,https://restful-booker.herokuapp.com/booking/2449,371,0,0
1699055773881,1294,GetBookingID's,200,OK,Booking 1-22,text,true,,31273,137,94,94,https://restful-booker.herokuapp.com/booking,640,0,0
1699055774850,329,DataDelete,201,Created,Booking 1-53,text,true,,248,292,94,94,https://restful-booker.herokuapp.com/booking/2440,329,0,0
1699055774824,359,DataUpdate,200,OK,Booking 1-79,text,true,,922,355,93,93,https://restful-booker.herokuapp.com/booking/2450,359,0,0
1699055771587,3607,UserAuthentication,200,OK,Booking 1-17,text,true,,271,250,93,93,https://restful-booker.herokuapp.com/auth,3607,0,3267
1699055771516,3678,UserAuthentication,200,OK,Booking 1-10,text,true,,780,250,93,93,https://restful-booker.herokuapp.com/auth,3678,0,3337
1699055774854,341,DataUpdate,200,OK,Booking 1-80,text,true,,924,355,93,93,https://restful-booker.herokuapp.com/booking/2451,341,0,0
1699055771579,3617,UserAuthentication,200,OK,Booking 1-16,text,true,,780,250,93,93,https://restful-booker.herokuapp.com/auth,3617,0,3277
1699055774862,336,DataUpdate,200,OK,Booking 1-54,text,true,,922,355,93,93,https://restful-booker.herokuapp.com/booking/2452,336,0,0
1699055774863,341,DataUpdate,200,OK,Booking 1-85,text,true,,414,355,93,93,https://restful-booker.herokuapp.com/booking/2453,341,0,0
1699055774183,1025,GetBookingID's,200,OK,Booking 1-65,text,true,,31368,137,93,93,https://restful-booker.herokuapp.com/booking,1000,0,0
1699055774870,339,DataUpdate,200,OK,Booking 1-56,text,true,,924,355,93,93,https://restful-booker.herokuapp.com/booking/2454,339,0,0
1699055773300,1918,GetBookingID's,200,OK,Booking 1-61,text,true,,31634,137,93,93,https://restful-booker.herokuapp.com/booking,1917,0,0
1699055774897,322,CreateBooking,200,OK,Booking 1-83,text,true,,446,470,93,93,https://restful-booker.herokuapp.com/booking,322,0,0
1699055771766,3453,UserAuthentication,200,OK,Booking 1-35,text,true,,780,250,93,93,https://restful-booker.herokuapp.com/auth,3453,0,3131
1699055773959,1265,GetBookingID's,200,OK,Booking 1-12,text,true,,31824,137,93,93,https://restful-booker.herokuapp.com/booking,954,0,0
1699055773296,1936,GetBookingID's,200,OK,Booking 1-60,text,true,,31634,137,93,93,https://restful-booker.herokuapp.com/booking,1620,0,0
1699055771686,3550,UserAuthentication,200,OK,Booking 1-27,text,true,,780,250,93,93,https://restful-booker.herokuapp.com/auth,3550,0,3234
1699055774926,315,CreateBooking,200,OK,Booking 1-70,text,true,,957,472,93,93,https://restful-booker.herokuapp.com/booking,315,0,0
1699055774943,315,DataUpdate,200,OK,Booking 1-52,text,true,,922,355,93,93,https://restful-booker.herokuapp.com/booking/2457,315,0,0
1699055773981,1279,GetBookingID's,200,OK,Booking 1-49,text,true,,31805,137,93,93,https://restful-booker.herokuapp.com/booking,965,0,0
1699055774946,323,CreateBooking,200,OK,Booking 1-93,text,true,,450,474,93,93,https://restful-booker.herokuapp.com/booking,323,0,0
1699055773680,1590,GetBookingID's,200,OK,Booking 1-99,text,true,,31653,137,93,93,https://restful-booker.herokuapp.com/booking,1284,0,0
1699055774948,323,DataUpdate,200,OK,Booking 1-86,text,true,,413,355,93,93,https://restful-booker.herokuapp.com/booking/2456,323,0,0
1699055774973,324,CreateBooking,200,OK,Booking 1-68,text,true,,444,468,93,93,https://restful-booker.herokuapp.com/booking,324,0,0
1699055774985,319,CreateBooking,200,OK,Booking 1-58,text,true,,953,468,93,93,https://restful-booker.herokuapp.com/booking,319,0,0
1699055771656,3651,UserAuthentication,200,OK,Booking 1-24,text,true,,271,250,93,93,https://restful-booker.herokuapp.com/auth,3651,0,3332
1699055775001,311,DataDelete,201,Created,Booking 1-69,text,true,,757,292,93,93,https://restful-booker.herokuapp.com/booking/2442,311,0,0
1699055774366,950,GetBookingID's,200,OK,Booking 1-31,text,true,,31915,137,92,92,https://restful-booker.herokuapp.com/booking,639,0,0
1699055772337,2986,UserAuthentication,200,OK,Booking 1-92,text,true,,780,250,92,92,https://restful-booker.herokuapp.com/auth,2986,0,964
1699055775001,338,DataDelete,201,Created,Booking 1-20,text,true,,248,292,92,92,https://restful-booker.herokuapp.com/booking/2429,338,0,0
1699055775031,310,DataUpdate,200,OK,Booking 1-23,text,true,,415,355,91,91,https://restful-booker.herokuapp.com/booking/2460,310,0,0
1699055774427,916,GetBookingID's,200,OK,Booking 1-37,text,true,,31463,137,91,91,https://restful-booker.herokuapp.com/booking,612,0,0
1699055775036,308,CreateBooking,200,OK,Booking 1-21,text,true,,954,469,91,91,https://restful-booker.herokuapp.com/booking,308,0,0
1699055773095,2250,GetBookingID's,200,OK,Booking 1-25,text,true,,31083,137,91,91,https://restful-booker.herokuapp.com/booking,325,0,0
1699055771546,3803,UserAuthentication,200,OK,Booking 1-13,text,true,,780,250,91,91,https://restful-booker.herokuapp.com/auth,3803,0,3485
1699055771916,3437,UserAuthentication,200,OK,Booking 1-50,text,true,,271,250,91,91,https://restful-booker.herokuapp.com/auth,3437,0,3120
1699055774363,993,GetBookingID's,200,OK,Booking 1-34,text,true,,31896,137,91,91,https://restful-booker.herokuapp.com/booking,634,0,0
1699055775043,319,DataUpdate,200,OK,Booking 1-63,text,true,,926,355,91,91,https://restful-booker.herokuapp.com/booking/2461,319,0,0
1699055775061,310,DataUpdate,200,OK,Booking 1-32,text,true,,417,355,91,91,https://restful-booker.herokuapp.com/booking/2463,310,0,0
1699055773366,2007,GetBookingID's,200,OK,Booking 1-71,text,true,,31634,137,91,91,https://restful-booker.herokuapp.com/booking,1292,0,0
1699055773696,1699,GetBookingID's,200,OK,Booking 1-100,text,true,,31710,137,91,91,https://restful-booker.herokuapp.com/booking,1292,0,0
1699055773680,1724,GetBookingID's,200,OK,Booking 1-97,text,true,,31653,137,91,91,https://restful-booker.herokuapp.com/booking,1724,0,0
1699055771675,3762,UserAuthentication,200,OK,Booking 1-26,text,true,,780,250,91,91,https://restful-booker.herokuapp.com/auth,3762,0,3453
1699055771507,3943,UserAuthentication,200,OK,Booking 1-9,text,true,,780,250,91,91,https://restful-booker.herokuapp.com/auth,3943,0,3631
1699055775154,303,CreateBooking,200,OK,Booking 1-44,text,true,,954,469,91,91,https://restful-booker.herokuapp.com/booking,303,0,0
1699055775151,313,DataDelete,201,Created,Booking 1-19,text,true,,248,292,91,91,https://restful-booker.herokuapp.com/booking/2446,313,0,0
1699055775163,316,CreateBooking,200,OK,Booking 1-84,text,true,,955,470,90,90,https://restful-booker.herokuapp.com/booking,316,0,0
1699055775172,314,DataDelete,201,Created,Booking 1-42,text,true,,757,292,90,90,https://restful-booker.herokuapp.com/booking/2448,314,0,0
1699055775175,315,DataDelete,201,Created,Booking 1-75,text,true,,757,292,89,89,https://restful-booker.herokuapp.com/booking/2449,315,0,0
1699055775175,316,CreateBooking,200,OK,Booking 1-22,text,true,,948,463,88,88,https://restful-booker.herokuapp.com/booking,316,0,0
1699055775184,316,DataDelete,201,Created,Booking 1-79,text,true,,248,292,88,88,https://restful-booker.herokuapp.com/booking/2450,316,0,0
1699055775204,331,DataDelete,201,Created,Booking 1-85,text,true,,757,292,87,87,https://restful-booker.herokuapp.com/booking/2453,331,0,0
1699055773548,1986,GetBookingID's,200,OK,Booking 1-76,text,true,,31159,137,87,87,https://restful-booker.herokuapp.com/booking,1660,0,0
1699055772136,3397,UserAuthentication,200,OK,Booking 1-72,text,true,,780,250,87,87,https://restful-booker.herokuapp.com/auth,3397,0,3069
1699055775209,330,DataDelete,201,Created,Booking 1-56,text,true,,757,292,87,87,https://restful-booker.herokuapp.com/booking/2454,330,0,0
1699055771477,4056,UserAuthentication,200,OK,Booking 1-6,text,true,,271,250,87,87,https://restful-booker.herokuapp.com/auth,4056,0,3723
1699055775195,338,DataDelete,201,Created,Booking 1-80,text,true,,248,292,87,87,https://restful-booker.herokuapp.com/booking/2451,338,0,0
1699055775198,341,DataDelete,201,Created,Booking 1-54,text,true,,248,292,86,86,https://restful-booker.herokuapp.com/booking/2452,341,0,0
1699055775218,322,CreateBooking,200,OK,Booking 1-61,text,true,,444,468,86,86,https://restful-booker.herokuapp.com/booking,322,0,0
1699055775224,325,CreateBooking,200,OK,Booking 1-12,text,true,,952,467,83,83,https://restful-booker.herokuapp.com/booking,325,0,0
1699055775219,332,DataUpdate,200,OK,Booking 1-83,text,true,,922,355,83,83,https://restful-booker.herokuapp.com/booking/2466,332,0,0
1699055773607,1945,GetBookingID's,200,OK,Booking 1-87,text,true,,31159,137,83,83,https://restful-booker.herokuapp.com/booking,1618,0,0
1699055774493,1065,GetBookingID's,200,OK,Booking 1-78,text,true,,31501,137,83,83,https://restful-booker.herokuapp.com/booking,323,0,0
1699055775232,326,CreateBooking,200,OK,Booking 1-60,text,true,,445,469,83,83,https://restful-booker.herokuapp.com/booking,326,0,0
1699055772326,3238,UserAuthentication,200,OK,Booking 1-91,text,true,,780,250,83,83,https://restful-booker.herokuapp.com/auth,3238,0,2915
1699055775242,322,DataUpdate,200,OK,Booking 1-70,text,true,,418,355,83,83,https://restful-booker.herokuapp.com/booking/2467,322,0,0
1699055775258,311,DataDelete,201,Created,Booking 1-52,text,true,,757,292,83,83,https://restful-booker.herokuapp.com/booking/2457,311,0,0
1699055775260,320,CreateBooking,200,OK,Booking 1-49,text,true,,953,468,82,82,https://restful-booker.herokuapp.com/booking,320,0,0
1699055775270,314,CreateBooking,200,OK,Booking 1-99,text,true,,949,468,82,82,https://restful-booker.herokuapp.com/booking,314,0,0
1699055775269,320,DataUpdate,200,OK,Booking 1-93,text,true,,418,355,82,82,https://restful-booker.herokuapp.com/booking/2468,320,0,0
1699055773561,2032,GetBookingID's,200,OK,Booking 1-81,text,true,,31672,137,82,82,https://restful-booker.herokuapp.com/booking,2029,0,0
1699055775272,325,DataDelete,201,Created,Booking 1-86,text,true,,753,292,82,82,https://restful-booker.herokuapp.com/booking/2456,325,0,0
1699055773329,2280,GetBookingID's,200,OK,Booking 1-64,text,true,,31634,137,81,81,https://restful-booker.herokuapp.com/booking,328,0,0
1699055775297,317,DataUpdate,200,OK,Booking 1-68,text,true,,415,355,81,81,https://restful-booker.herokuapp.com/booking/2470,317,0,0
1699055775304,320,DataUpdate,200,OK,Booking 1-58,text,true,,920,355,81,81,https://restful-booker.herokuapp.com/booking/2471,320,0,0
1699055775317,318,CreateBooking,200,OK,Booking 1-31,text,true,,950,469,81,81,https://restful-booker.herokuapp.com/booking,318,0,0
1699055774709,940,DataUpdate,200,OK,Booking 1-8,text,true,,923,355,81,81,https://restful-booker.herokuapp.com/booking/2445,940,0,0
1699055774688,965,GetBookingID's,200,OK,Booking 1-2,text,true,,32181,137,81,81,https://restful-booker.herokuapp.com/booking,644,0,0
1699055774641,1012,CreateBooking,200,OK,Booking 1-95,text,true,,947,462,81,81,https://restful-booker.herokuapp.com/booking,1012,0,0
1699055775341,315,DataDelete,201,Created,Booking 1-23,text,true,,753,292,81,81,https://restful-booker.herokuapp.com/booking/2460,315,0,0
1699055775344,314,CreateBooking,200,OK,Booking 1-37,text,true,,952,471,80,80,https://restful-booker.herokuapp.com/booking,314,0,0
1699055775345,314,DataUpdate,200,OK,Booking 1-21,text,true,,923,355,80,80,https://restful-booker.herokuapp.com/booking/2472,314,0,0
1699055775345,316,CreateBooking,200,OK,Booking 1-25,text,true,,446,470,80,80,https://restful-booker.herokuapp.com/booking,315,0,0
1699055775357,326,CreateBooking,200,OK,Booking 1-34,text,true,,443,467,80,80,https://restful-booker.herokuapp.com/booking,326,0,0
1699055775372,311,DataDelete,201,Created,Booking 1-32,text,true,,248,292,80,80,https://restful-booker.herokuapp.com/booking/2463,311,0,0
1699055775362,321,DataDelete,201,Created,Booking 1-63,text,true,,753,292,80,80,https://restful-booker.herokuapp.com/booking/2461,321,0,0
1699055775373,315,CreateBooking,200,OK,Booking 1-71,text,true,,944,463,78,78,https://restful-booker.herokuapp.com/booking,315,0,0
1699055771896,3811,UserAuthentication,200,OK,Booking 1-48,text,true,,776,250,78,78,https://restful-booker.herokuapp.com/auth,3811,0,3500
1699055774710,998,DataUpdate,200,OK,Booking 1-66,text,true,,414,355,78,78,https://restful-booker.herokuapp.com/booking/2444,998,0,0
1699055775395,318,CreateBooking,200,OK,Booking 1-100,text,true,,952,471,78,78,https://restful-booker.herokuapp.com/booking,318,0,0
1699055775404,323,CreateBooking,200,OK,Booking 1-97,text,true,,441,465,78,78,https://restful-booker.herokuapp.com/booking,323,0,0
1699055774725,1029,CreateBooking,200,OK,Booking 1-15,text,true,,954,469,78,78,https://restful-booker.herokuapp.com/booking,1029,0,0
1699055775458,301,DataUpdate,200,OK,Booking 1-44,text,true,,418,355,78,78,https://restful-booker.herokuapp.com/booking/2475,301,0,0
1699055775480,318,DataUpdate,200,OK,Booking 1-84,text,true,,919,355,78,78,https://restful-booker.herokuapp.com/booking/2476,318,0,0
1699055771876,3922,UserAuthentication,200,OK,Booking 1-46,text,true,,271,250,78,78,https://restful-booker.herokuapp.com/auth,3922,0,3612
1699055773366,2436,GetBookingID's,200,OK,Booking 1-67,text,true,,31634,137,78,78,https://restful-booker.herokuapp.com/booking,1379,0,0
1699055775492,313,DataUpdate,200,OK,Booking 1-22,text,true,,919,355,78,78,https://restful-booker.herokuapp.com/booking/2477,313,0,0
1699055773586,2252,GetBookingID's,200,OK,Booking 1-82,text,true,,31672,137,78,78,https://restful-booker.herokuapp.com/booking,1618,0,0
1699055771846,4003,UserAuthentication,200,OK,Booking 1-43,text,true,,271,250,78,78,https://restful-booker.herokuapp.com/auth,4002,0,3693
1699055773293,2556,GetBookingID's,200,OK,Booking 1-59,text,true,,31634,137,78,78,https://restful-booker.herokuapp.com/booking,1600,0,0
1699055775539,330,CreateBooking,200,OK,Booking 1-76,text,true,,950,469,78,78,https://restful-booker.herokuapp.com/booking,330,0,0
1699055772159,3724,UserAuthentication,200,OK,Booking 1-74,text,true,,776,250,78,78,https://restful-booker.herokuapp.com/auth,3724,0,3381
1699055775549,335,DataUpdate,200,OK,Booking 1-12,text,true,,414,355,78,78,https://restful-booker.herokuapp.com/booking/2479,335,0,0
1699055775540,344,DataUpdate,200,OK,Booking 1-61,text,true,,918,355,78,78,https://restful-booker.herokuapp.com/booking/2478,344,0,0
1699055775558,336,CreateBooking,200,OK,Booking 1-78,text,true,,950,469,78,78,https://restful-booker.herokuapp.com/booking,336,0,0
1699055775551,346,DataDelete,201,Created,Booking 1-83,text,true,,753,292,78,78,https://restful-booker.herokuapp.com/booking/2466,346,0,0
1699055775559,338,DataUpdate,200,OK,Booking 1-60,text,true,,415,355,78,78,https://restful-booker.herokuapp.com/booking/2480,338,0,0
1699055773070,2827,GetBookingID's,200,OK,Booking 1-4,text,true,,31584,137,78,78,https://restful-booker.herokuapp.com/booking,327,0,0
1699055773629,2274,GetBookingID's,200,OK,Booking 1-94,text,true,,31672,137,77,77,https://restful-booker.herokuapp.com/booking,1689,0,0
1699055775565,339,DataDelete,201,Created,Booking 1-70,text,true,,753,292,77,77,https://restful-booker.herokuapp.com/booking/2467,339,0,0
1699055775580,324,DataUpdate,200,OK,Booking 1-49,text,true,,414,355,77,77,https://restful-booker.herokuapp.com/booking/2481,324,0,0
1699055775585,320,DataUpdate,200,OK,Booking 1-99,text,true,,918,355,77,77,https://restful-booker.herokuapp.com/booking/2482,320,0,0
1699055775589,322,DataDelete,201,Created,Booking 1-93,text,true,,753,292,76,76,https://restful-booker.herokuapp.com/booking/2468,322,0,0
1699055775593,318,CreateBooking,200,OK,Booking 1-81,text,true,,949,468,76,76,https://restful-booker.herokuapp.com/booking,318,0,0
1699055774969,950,GetBookingID's,200,OK,Booking 1-90,text,true,,32276,137,75,75,https://restful-booker.herokuapp.com/booking,632,0,0
1699055771796,4123,UserAuthentication,200,OK,Booking 1-38,text,true,,776,250,75,75,https://restful-booker.herokuapp.com/auth,4123,0,3800
1699055775609,330,CreateBooking,200,OK,Booking 1-64,text,true,,445,469,75,75,https://restful-booker.herokuapp.com/booking,330,0,0
1699055775614,326,DataDelete,201,Created,Booking 1-68,text,true,,753,292,75,75,https://restful-booker.herokuapp.com/booking/2470,326,0,0
1699055771925,4015,UserAuthentication,200,OK,Booking 1-51,text,true,,776,250,75,75,https://restful-booker.herokuapp.com/auth,4015,0,3693
1699055771706,4234,UserAuthentication,200,OK,Booking 1-29,text,true,,776,250,75,75,https://restful-booker.herokuapp.com/auth,4234,0,3913
1699055775624,318,DataDelete,201,Created,Booking 1-58,text,true,,753,292,74,74,https://restful-booker.herokuapp.com/booking/2471,318,0,0
1699055775324,639,GetBookingID's,200,OK,Booking 1-92,text,true,,32329,137,73,73,https://restful-booker.herokuapp.com/booking,627,0,0
1699055775636,328,DataUpdate,200,OK,Booking 1-31,text,true,,919,355,73,73,https://restful-booker.herokuapp.com/booking/2484,328,0,0
1699055774783,1184,CreateBooking,200,OK,Booking 1-40,text,true,,446,470,73,73,https://restful-booker.herokuapp.com/booking,1184,0,0
1699055775649,319,DataDelete,201,Created,Booking 1-8,text,true,,753,292,73,73,https://restful-booker.herokuapp.com/booking/2445,319,0,0
1699055775659,310,DataUpdate,200,OK,Booking 1-37,text,true,,919,355,72,72,https://restful-booker.herokuapp.com/booking/2486,310,0,0
1699055771715,4256,UserAuthentication,200,OK,Booking 1-30,text,true,,271,250,72,72,https://restful-booker.herokuapp.com/auth,4256,0,3938
1699055775653,318,CreateBooking,200,OK,Booking 1-2,text,true,,950,469,72,72,https://restful-booker.herokuapp.com/booking,318,0,0
1699055775660,313,DataDelete,201,Created,Booking 1-21,text,true,,753,292,72,72,https://restful-booker.herokuapp.com/booking/2472,313,0,0
1699055775661,314,DataUpdate,200,OK,Booking 1-25,text,true,,922,355,71,71,https://restful-booker.herokuapp.com/booking/2487,314,0,0
1699055773304,2673,GetBookingID's,200,OK,Booking 1-62,text,true,,31634,137,71,71,https://restful-booker.herokuapp.com/booking,2085,0,0
1699055775654,324,DataUpdate,200,OK,Booking 1-95,text,true,,918,355,71,71,https://restful-booker.herokuapp.com/booking/2458,324,0,0
1699055775683,322,DataUpdate,200,OK,Booking 1-34,text,true,,919,355,71,71,https://restful-booker.herokuapp.com/booking/2488,322,0,0
1699055775689,316,DataUpdate,200,OK,Booking 1-71,text,true,,415,355,71,71,https://restful-booker.herokuapp.com/booking/2489,316,0,0
1699055775708,316,DataDelete,201,Created,Booking 1-66,text,true,,753,292,71,71,https://restful-booker.herokuapp.com/booking/2444,316,0,0
1699055775714,313,DataUpdate,200,OK,Booking 1-100,text,true,,418,355,70,70,https://restful-booker.herokuapp.com/booking/2490,313,0,0
1699055775727,319,DataUpdate,200,OK,Booking 1-97,text,true,,918,355,70,70,https://restful-booker.herokuapp.com/booking/2491,319,0,0
1699055775760,304,DataDelete,201,Created,Booking 1-44,text,true,,753,292,70,70,https://restful-booker.herokuapp.com/booking/2475,304,0,0
1699055775755,314,DataUpdate,200,OK,Booking 1-15,text,true,,919,355,69,69,https://restful-booker.herokuapp.com/booking/2462,314,0,0
1699055775798,320,DataDelete,201,Created,Booking 1-84,text,true,,753,292,69,69,https://restful-booker.herokuapp.com/booking/2476,320,0,0
1699055771866,4252,UserAuthentication,200,OK,Booking 1-45,text,true,,776,250,69,69,https://restful-booker.herokuapp.com/auth,4252,0,3937
1699055775806,313,DataDelete,201,Created,Booking 1-22,text,true,,248,292,68,68,https://restful-booker.herokuapp.com/booking/2477,313,0,0
1699055775803,316,CreateBooking,200,OK,Booking 1-67,text,true,,443,467,68,68,https://restful-booker.herokuapp.com/booking,316,0,0
1699055773244,2881,GetBookingID's,200,OK,Booking 1-47,text,true,,31622,137,67,67,https://restful-booker.herokuapp.com/booking,329,0,0
1699055775838,316,CreateBooking,200,OK,Booking 1-82,text,true,,446,470,67,67,https://restful-booker.herokuapp.com/booking,316,0,0
1699055775850,325,CreateBooking,200,OK,Booking 1-59,text,true,,439,463,67,67,https://restful-booker.herokuapp.com/booking,325,0,0
1699055775539,639,GetBookingID's,200,OK,Booking 1-72,text,true,,32367,137,67,67,https://restful-booker.herokuapp.com/booking,328,0,0
1699055775870,317,DataUpdate,200,OK,Booking 1-76,text,true,,414,355,67,67,https://restful-booker.herokuapp.com/booking/2492,317,0,0
1699055775884,319,DataDelete,201,Created,Booking 1-12,text,true,,753,292,67,67,https://restful-booker.herokuapp.com/booking/2479,319,0,0
1699055774278,1929,GetBookingID's,200,OK,Booking 1-57,text,true,,31896,137,66,66,https://restful-booker.herokuapp.com/booking,1607,0,0
1699055775895,319,DataUpdate,200,OK,Booking 1-78,text,true,,918,355,66,66,https://restful-booker.herokuapp.com/booking/2493,319,0,0
1699055775884,330,DataDelete,201,Created,Booking 1-61,text,true,,753,292,66,66,https://restful-booker.herokuapp.com/booking/2478,330,0,0
1699055775897,318,CreateBooking,200,OK,Booking 1-4,text,true,,953,472,65,65,https://restful-booker.herokuapp.com/booking,318,0,0
1699055775897,324,DataDelete,201,Created,Booking 1-60,text,true,,753,292,65,65,https://restful-booker.herokuapp.com/booking/2480,324,0,0
1699055775903,318,CreateBooking,200,OK,Booking 1-94,text,true,,449,473,65,65,https://restful-booker.herokuapp.com/booking,318,0,0
1699055775904,327,DataDelete,201,Created,Booking 1-49,text,true,,753,292,64,64,https://restful-booker.herokuapp.com/booking/2481,327,0,0
1699055775905,326,DataDelete,201,Created,Booking 1-99,text,true,,753,292,64,64,https://restful-booker.herokuapp.com/booking/2482,326,0,0
1699055775912,323,DataUpdate,200,OK,Booking 1-81,text,true,,415,355,62,62,https://restful-booker.herokuapp.com/booking/2496,323,0,0
1699055775919,321,CreateBooking,200,OK,Booking 1-90,text,true,,954,473,62,62,https://restful-booker.herokuapp.com/booking,321,0,0
1699055775208,1056,CreateBooking,200,OK,Booking 1-65,text,true,,946,465,62,62,https://restful-booker.herokuapp.com/booking,1056,0,0
1699055775964,322,CreateBooking,200,OK,Booking 1-92,text,true,,950,469,62,62,https://restful-booker.herokuapp.com/booking,322,0,0
1699055775970,319,DataDelete,201,Created,Booking 1-37,text,true,,248,292,62,62,https://restful-booker.herokuapp.com/booking/2486,319,0,0
1699055775964,328,DataDelete,201,Created,Booking 1-31,text,true,,753,292,61,61,https://restful-booker.herokuapp.com/booking/2484,328,0,0
1699055775968,329,DataUpdate,200,OK,Booking 1-40,text,true,,414,355,60,60,https://restful-booker.herokuapp.com/booking/2464,329,0,0
1699055775975,322,DataDelete,201,Created,Booking 1-25,text,true,,753,292,60,60,https://restful-booker.herokuapp.com/booking/2487,322,0,0
1699055773073,3226,GetBookingID's,200,OK,Booking 1-5,text,true,,31584,137,59,59,https://restful-booker.herokuapp.com/booking,2914,0,0
1699055775972,334,DataUpdate,200,OK,Booking 1-2,text,true,,918,355,59,59,https://restful-booker.herokuapp.com/booking/2499,334,0,0
1699055775977,329,CreateBooking,200,OK,Booking 1-62,text,true,,949,468,59,59,https://restful-booker.herokuapp.com/booking,329,0,0
1699055775978,334,DataDelete,201,Created,Booking 1-95,text,true,,753,292,59,59,https://restful-booker.herokuapp.com/booking/2458,334,0,0
1699055776006,325,DataDelete,201,Created,Booking 1-71,text,true,,753,292,58,58,https://restful-booker.herokuapp.com/booking/2489,325,0,0
1699055776005,327,DataDelete,201,Created,Booking 1-34,text,true,,248,292,58,58,https://restful-booker.herokuapp.com/booking/2488,327,0,0
1699055776028,313,DataDelete,201,Created,Booking 1-100,text,true,,753,292,56,56,https://restful-booker.herokuapp.com/booking/2490,313,0,0
1699055776046,321,DataDelete,201,Created,Booking 1-97,text,true,,248,292,55,55,https://restful-booker.herokuapp.com/booking/2491,321,0,0
1699055776069,316,DataDelete,201,Created,Booking 1-15,text,true,,753,292,54,54,https://restful-booker.herokuapp.com/booking/2462,316,0,0
1699055776120,318,DataUpdate,200,OK,Booking 1-67,text,true,,920,355,53,53,https://restful-booker.herokuapp.com/booking/2501,318,0,0
1699055776126,318,CreateBooking,200,OK,Booking 1-47,text,true,,951,470,53,53,https://restful-booker.herokuapp.com/booking,318,0,0
1699055775195,1258,GetBookingID's,200,OK,Booking 1-17,text,true,,32314,137,53,53,https://restful-booker.herokuapp.com/booking,942,0,0
1699055775196,1263,GetBookingID's,200,OK,Booking 1-16,text,true,,32314,137,53,53,https://restful-booker.herokuapp.com/booking,652,0,0
1699055776155,317,DataUpdate,200,OK,Booking 1-82,text,true,,414,355,53,53,https://restful-booker.herokuapp.com/booking/2502,317,0,0
1699055776176,316,DataUpdate,200,OK,Booking 1-59,text,true,,919,355,53,53,https://restful-booker.herokuapp.com/booking/2504,316,0,0
1699055776178,314,CreateBooking,200,OK,Booking 1-72,text,true,,953,472,53,53,https://restful-booker.herokuapp.com/booking,314,0,0
1699055776187,319,DataDelete,201,Created,Booking 1-76,text,true,,753,292,53,53,https://restful-booker.herokuapp.com/booking/2492,319,0,0
1699055776207,315,CreateBooking,200,OK,Booking 1-57,text,true,,945,464,52,52,https://restful-booker.herokuapp.com/booking,315,0,0
1699055776214,312,DataDelete,201,Created,Booking 1-78,text,true,,753,292,52,52,https://restful-booker.herokuapp.com/booking/2493,312,0,0
1699055776216,314,DataUpdate,200,OK,Booking 1-4,text,true,,923,355,51,51,https://restful-booker.herokuapp.com/booking/2505,314,0,0
1699055776236,312,DataDelete,201,Created,Booking 1-81,text,true,,753,292,51,51,https://restful-booker.herokuapp.com/booking/2496,312,0,0
1699055774510,2037,GetBookingID's,200,OK,Booking 1-96,text,true,,32029,137,51,51,https://restful-booker.herokuapp.com/booking,339,0,0
1699055776222,314,DataUpdate,200,OK,Booking 1-94,text,true,,922,355,51,51,https://restful-booker.herokuapp.com/booking/2506,313,0,0
1699055772306,4249,UserAuthentication,200,OK,Booking 1-89,text,true,,776,250,50,50,https://restful-booker.herokuapp.com/auth,4249,0,3935
1699055776241,320,DataUpdate,200,OK,Booking 1-90,text,true,,418,355,50,50,https://restful-booker.herokuapp.com/booking/2507,320,0,0
1699055773633,2932,GetBookingID's,200,OK,Booking 1-98,text,true,,31672,137,50,50,https://restful-booker.herokuapp.com/booking,2630,0,0
1699055775308,1261,GetBookingID's,200,OK,Booking 1-24,text,true,,32310,137,50,50,https://restful-booker.herokuapp.com/booking,643,0,0
1699055775552,1032,CreateBooking,200,OK,Booking 1-87,text,true,,947,466,50,50,https://restful-booker.herokuapp.com/booking,1032,0,0
1699055776265,342,DataUpdate,200,OK,Booking 1-65,text,true,,914,355,50,50,https://restful-booker.herokuapp.com/booking/2508,342,0,0
1699055776288,322,DataUpdate,200,OK,Booking 1-92,text,true,,915,355,50,50,https://restful-booker.herokuapp.com/booking/2509,322,0,0
1699055773607,3004,GetBookingID's,200,OK,Booking 1-88,text,true,,31159,137,50,50,https://restful-booker.herokuapp.com/booking,1943,0,0
1699055776300,311,CreateBooking,200,OK,Booking 1-5,text,true,,945,468,50,50,https://restful-booker.herokuapp.com/booking,311,0,0
1699055776297,320,DataDelete,201,Created,Booking 1-40,text,true,,749,292,50,50,https://restful-booker.herokuapp.com/booking/2464,320,0,0
1699055776306,311,DataDelete,201,Created,Booking 1-2,text,true,,248,292,50,50,https://restful-booker.herokuapp.com/booking/2499,311,0,0
1699055775350,1276,GetBookingID's,200,OK,Booking 1-13,text,true,,32367,137,48,48,https://restful-booker.herokuapp.com/booking,684,0,0
1699055776306,320,DataUpdate,200,OK,Booking 1-62,text,true,,415,355,48,48,https://restful-booker.herokuapp.com/booking/2511,320,0,0
1699055775353,1275,GetBookingID's,200,OK,Booking 1-50,text,true,,32367,137,48,48,https://restful-booker.herokuapp.com/booking,962,0,0
1699055774720,1918,GetBookingID's,200,OK,Booking 1-11,text,true,,31691,137,48,48,https://restful-booker.herokuapp.com/booking,967,0,0
1699055775451,1245,GetBookingID's,200,OK,Booking 1-9,text,true,,32367,137,48,48,https://restful-booker.herokuapp.com/booking,627,0,0
1699055776439,317,DataDelete,201,Created,Booking 1-67,text,true,,749,292,48,48,https://restful-booker.herokuapp.com/booking/2501,317,0,0
1699055776445,332,DataUpdate,200,OK,Booking 1-47,text,true,,916,355,47,47,https://restful-booker.herokuapp.com/booking/2513,332,0,0
1699055776459,320,CreateBooking,200,OK,Booking 1-16,text,true,,443,467,47,47,https://restful-booker.herokuapp.com/booking,320,0,0
1699055776454,325,CreateBooking,200,OK,Booking 1-17,text,true,,946,469,47,47,https://restful-booker.herokuapp.com/booking,325,0,0
1699055776473,331,DataDelete,201,Created,Booking 1-82,text,true,,749,292,47,47,https://restful-booker.herokuapp.com/booking/2502,331,0,0
1699055775195,1621,GetBookingID's,200,OK,Booking 1-10,text,true,,31805,137,46,46,https://restful-booker.herokuapp.com/booking,938,0,0
1699055776492,329,DataDelete,201,Created,Booking 1-59,text,true,,749,292,46,46,https://restful-booker.herokuapp.com/booking/2504,329,0,0
1699055776493,328,DataUpdate,200,OK,Booking 1-72,text,true,,919,355,46,46,https://restful-booker.herokuapp.com/booking/2514,328,0,0
1699055775540,1284,GetBookingID's,200,OK,Booking 1-6,text,true,,32386,137,45,45,https://restful-booker.herokuapp.com/booking,655,0,0
1699055776531,314,DataDelete,201,Created,Booking 1-4,text,true,,749,292,45,45,https://restful-booker.herokuapp.com/booking/2505,314,0,0
1699055776523,322,DataUpdate,200,OK,Booking 1-57,text,true,,413,355,45,45,https://restful-booker.herokuapp.com/booking/2515,322,0,0
1699055775219,1648,GetBookingID's,200,OK,Booking 1-35,text,true,,32257,137,44,44,https://restful-booker.herokuapp.com/booking,964,0,0
1699055773988,2879,GetBookingID's,200,OK,Booking 1-55,text,true,,31805,137,44,44,https://restful-booker.herokuapp.com/booking,2241,0,0
1699055776551,324,DataDelete,201,Created,Booking 1-94,text,true,,248,292,44,44,https://restful-booker.herokuapp.com/booking/2506,324,0,0
1699055776561,315,DataDelete,201,Created,Booking 1-90,text,true,,749,292,43,43,https://restful-booker.herokuapp.com/booking/2507,315,0,0
1699055776565,311,CreateBooking,200,OK,Booking 1-98,text,true,,447,471,43,43,https://restful-booker.herokuapp.com/booking,311,0,0
1699055776551,325,CreateBooking,200,OK,Booking 1-96,text,true,,440,464,43,43,https://restful-booker.herokuapp.com/booking,325,0,0
1699055776570,338,CreateBooking,200,OK,Booking 1-24,text,true,,944,467,42,42,https://restful-booker.herokuapp.com/booking,338,0,0
1699055773408,3519,GetBookingID's,200,OK,Booking 1-73,text,true,,31653,137,42,42,https://restful-booker.herokuapp.com/booking,3189,0,0
1699055776585,342,DataUpdate,200,OK,Booking 1-87,text,true,,915,355,42,42,https://restful-booker.herokuapp.com/booking/2494,342,0,0
1699055775939,1028,DataUpdate,200,OK,Booking 1-64,text,true,,919,355,42,42,https://restful-booker.herokuapp.com/booking/2497,1028,0,0
1699055776612,355,DataUpdate,200,OK,Booking 1-5,text,true,,915,355,42,42,https://restful-booker.herokuapp.com/booking/2517,355,0,0
1699055775708,1259,GetBookingID's,200,OK,Booking 1-48,text,true,,32367,137,42,42,https://restful-booker.herokuapp.com/booking,629,0,0
1699055776607,361,DataDelete,201,Created,Booking 1-65,text,true,,749,292,42,42,https://restful-booker.herokuapp.com/booking/2508,360,0,0
1699055776611,357,DataDelete,201,Created,Booking 1-92,text,true,,749,292,42,42,https://restful-booker.herokuapp.com/booking/2509,357,0,0
1699055776612,355,CreateBooking,200,OK,Booking 1-88,text,true,,442,466,42,42,https://restful-booker.herokuapp.com/booking,355,0,0
1699055776627,342,DataDelete,201,Created,Booking 1-62,text,true,,749,292,41,41,https://restful-booker.herokuapp.com/booking/2511,342,0,0
1699055776628,341,CreateBooking,200,OK,Booking 1-50,text,true,,948,471,41,41,https://restful-booker.herokuapp.com/booking,341,0,0
1699055776626,343,CreateBooking,200,OK,Booking 1-13,text,true,,949,472,41,41,https://restful-booker.herokuapp.com/booking,343,0,0
1699055776639,330,CreateBooking,200,OK,Booking 1-11,text,true,,945,468,41,41,https://restful-booker.herokuapp.com/booking,330,0,0
1699055771826,5157,UserAuthentication,200,OK,Booking 1-41,text,true,,772,250,39,39,https://restful-booker.herokuapp.com/auth,5157,0,4843
1699055773176,3829,GetBookingID's,200,OK,Booking 1-28,text,true,,31805,137,39,39,https://restful-booker.herokuapp.com/booking,3512,0,0
1699055776696,326,CreateBooking,200,OK,Booking 1-9,text,true,,945,468,39,39,https://restful-booker.herokuapp.com/booking,326,0,0
1699055775438,1627,GetBookingID's,200,OK,Booking 1-26,text,true,,31881,137,39,39,https://restful-booker.herokuapp.com/booking,940,0,0
1699055775849,1236,GetBookingID's,200,OK,Booking 1-43,text,true,,32386,137,39,39,https://restful-booker.herokuapp.com/booking,660,0,0
1699055775798,1296,GetBookingID's,200,OK,Booking 1-46,text,true,,32367,137,39,39,https://restful-booker.herokuapp.com/booking,954,0,0
1699055776777,323,DataDelete,201,Created,Booking 1-47,text,true,,749,292,39,39,https://restful-booker.herokuapp.com/booking/2513,323,0,0
1699055776779,326,DataUpdate,200,OK,Booking 1-17,text,true,,914,355,38,38,https://restful-booker.herokuapp.com/booking/2520,326,0,0
1699055776779,331,DataUpdate,200,OK,Booking 1-16,text,true,,916,355,38,38,https://restful-booker.herokuapp.com/booking/2521,331,0,0
1699055776816,319,CreateBooking,200,OK,Booking 1-10,text,true,,450,474,38,38,https://restful-booker.herokuapp.com/booking,319,0,0
1699055776822,316,DataDelete,201,Created,Booking 1-72,text,true,,248,292,38,38,https://restful-booker.herokuapp.com/booking/2514,316,0,0
1699055775884,1405,GetBookingID's,200,OK,Booking 1-74,text,true,,32386,137,37,37,https://restful-booker.herokuapp.com/booking,643,0,0
1699055776824,465,CreateBooking,200,OK,Booking 1-6,text,true,,950,473,37,37,https://restful-booker.herokuapp.com/booking,465,0,0
1699055776845,449,DataDelete,201,Created,Booking 1-57,text,true,,749,292,37,37,https://restful-booker.herokuapp.com/booking/2515,449,0,0
1699055776867,429,CreateBooking,200,OK,Booking 1-35,text,true,,950,473,36,36,https://restful-booker.herokuapp.com/booking,429,0,0
1699055776877,425,DataUpdate,200,OK,Booking 1-98,text,true,,914,355,36,36,https://restful-booker.herokuapp.com/booking/2525,425,0,0
1699055776867,435,CreateBooking,200,OK,Booking 1-55,text,true,,951,474,36,36,https://restful-booker.herokuapp.com/booking,435,0,0
1699055775940,1375,GetBookingID's,200,OK,Booking 1-29,text,true,,32386,137,36,36,https://restful-booker.herokuapp.com/booking,686,0,0
1699055776877,438,DataUpdate,200,OK,Booking 1-96,text,true,,915,355,36,36,https://restful-booker.herokuapp.com/booking/2524,438,0,0
1699055775564,1751,GetBookingID's,200,OK,Booking 1-91,text,true,,31919,137,36,36,https://restful-booker.herokuapp.com/booking,1012,0,0
1699055776927,388,CreateBooking,200,OK,Booking 1-73,text,true,,945,468,36,36,https://restful-booker.herokuapp.com/booking,388,0,0
1699055776908,440,DataUpdate,200,OK,Booking 1-24,text,true,,916,355,36,36,https://restful-booker.herokuapp.com/booking/2526,440,0,0
1699055776928,420,DataDelete,201,Created,Booking 1-87,text,true,,749,292,36,36,https://restful-booker.herokuapp.com/booking/2494,420,0,0
1699055776968,380,DataDelete,201,Created,Booking 1-5,text,true,,749,292,36,36,https://restful-booker.herokuapp.com/booking/2517,380,0,0
1699055776968,380,DataDelete,201,Created,Booking 1-64,text,true,,749,292,36,36,https://restful-booker.herokuapp.com/booking/2497,380,0,0
1699055776968,380,CreateBooking,200,OK,Booking 1-48,text,true,,945,468,36,36,https://restful-booker.herokuapp.com/booking,380,0,0
1699055776968,381,DataUpdate,200,OK,Booking 1-88,text,true,,415,355,36,36,https://restful-booker.herokuapp.com/booking/2528,381,0,0
1699055775972,1383,GetBookingID's,200,OK,Booking 1-30,text,true,,31862,137,33,33,https://restful-booker.herokuapp.com/booking,697,0,0
1699055776969,386,DataUpdate,200,OK,Booking 1-11,text,true,,414,355,33,33,https://restful-booker.herokuapp.com/booking/2531,386,0,0
1699055776970,393,DataUpdate,200,OK,Booking 1-50,text,true,,415,355,33,33,https://restful-booker.herokuapp.com/booking/2530,393,0,0
1699055776969,394,DataUpdate,200,OK,Booking 1-13,text,true,,418,355,33,33,https://restful-booker.herokuapp.com/booking/2529,394,0,0
1699055777023,364,DataUpdate,200,OK,Booking 1-9,text,true,,919,355,33,33,https://restful-booker.herokuapp.com/booking/2533,364,0,0
1699055777006,381,CreateBooking,200,OK,Booking 1-28,text,true,,945,468,33,33,https://restful-booker.herokuapp.com/booking,381,0,0
1699055777066,322,CreateBooking,200,OK,Booking 1-26,text,true,,946,469,33,33,https://restful-booker.herokuapp.com/booking,322,0,0
1699055776119,1324,GetBookingID's,200,OK,Booking 1-45,text,true,,32272,137,33,33,https://restful-booker.herokuapp.com/booking,658,0,0
1699055777086,357,CreateBooking,200,OK,Booking 1-43,text,true,,448,472,33,33,https://restful-booker.herokuapp.com/booking,357,0,0
1699055777106,353,DataDelete,201,Created,Booking 1-17,text,true,,749,292,33,33,https://restful-booker.herokuapp.com/booking/2520,353,0,0
1699055777111,348,DataDelete,201,Created,Booking 1-16,text,true,,749,292,33,33,https://restful-booker.herokuapp.com/booking/2521,348,0,0
1699055777095,364,CreateBooking,200,OK,Booking 1-46,text,true,,945,468,33,33,https://restful-booker.herokuapp.com/booking,364,0,0
1699055777135,331,DataUpdate,200,OK,Booking 1-10,text,true,,418,355,31,31,https://restful-booker.herokuapp.com/booking/2535,331,0,0
1699055777302,314,DataDelete,201,Created,Booking 1-98,text,true,,761,292,31,31,https://restful-booker.herokuapp.com/booking/2525,314,0,0
1699055777297,323,DataUpdate,200,OK,Booking 1-35,text,true,,930,355,30,30,https://restful-booker.herokuapp.com/booking/2537,323,0,0
1699055777290,330,DataUpdate,200,OK,Booking 1-6,text,true,,418,355,30,30,https://restful-booker.herokuapp.com/booking/2536,330,0,0
1699055777289,331,CreateBooking,200,OK,Booking 1-74,text,true,,956,467,30,30,https://restful-booker.herokuapp.com/booking,331,0,0
1699055777302,335,DataUpdate,200,OK,Booking 1-55,text,true,,931,355,30,30,https://restful-booker.herokuapp.com/booking/2539,335,0,0
1699055777316,327,DataUpdate,200,OK,Booking 1-73,text,true,,415,355,30,30,https://restful-booker.herokuapp.com/booking/2541,327,0,0
1699055777316,327,DataDelete,201,Created,Booking 1-96,text,true,,761,292,30,30,https://restful-booker.herokuapp.com/booking/2524,327,0,0
1699055777316,327,CreateBooking,200,OK,Booking 1-29,text,true,,439,463,30,30,https://restful-booker.herokuapp.com/booking,327,0,0
1699055777316,327,CreateBooking,200,OK,Booking 1-91,text,true,,958,469,30,30,https://restful-booker.herokuapp.com/booking,327,0,0
1699055777349,363,DataUpdate,200,OK,Booking 1-48,text,true,,927,355,29,29,https://restful-booker.herokuapp.com/booking/2542,363,0,0
1699055777349,364,DataDelete,201,Created,Booking 1-24,text,true,,761,292,29,29,https://restful-booker.herokuapp.com/booking/2526,364,0,0
1699055777364,374,DataDelete,201,Created,Booking 1-50,text,true,,761,292,28,28,https://restful-booker.herokuapp.com/booking/2530,374,0,0
1699055777356,382,DataDelete,201,Created,Booking 1-11,text,true,,761,292,28,28,https://restful-booker.herokuapp.com/booking/2531,382,0,0
1699055777349,389,DataDelete,201,Created,Booking 1-88,text,true,,248,292,28,28,https://restful-booker.herokuapp.com/booking/2528,389,0,0
1699055777356,382,CreateBooking,200,OK,Booking 1-30,text,true,,446,470,28,28,https://restful-booker.herokuapp.com/booking,382,0,0
1699055777389,353,DataUpdate,200,OK,Booking 1-26,text,true,,931,355,25,25,https://restful-booker.herokuapp.com/booking/2545,353,0,0
1699055777387,355,DataUpdate,200,OK,Booking 1-28,text,true,,931,355,25,25,https://restful-booker.herokuapp.com/booking/2544,355,0,0
1699055777364,378,DataDelete,201,Created,Booking 1-13,text,true,,761,292,25,25,https://restful-booker.herokuapp.com/booking/2529,378,0,0
1699055777387,355,DataDelete,201,Created,Booking 1-9,text,true,,761,292,25,25,https://restful-booker.herokuapp.com/booking/2533,355,0,0
1699055777444,328,DataUpdate,200,OK,Booking 1-43,text,true,,930,355,23,23,https://restful-booker.herokuapp.com/booking/2546,328,0,0
1699055775236,2544,GetBookingID's,200,OK,Booking 1-27,text,true,,32295,137,23,23,https://restful-booker.herokuapp.com/booking,1588,0,0
1699055777443,337,CreateBooking,200,OK,Booking 1-45,text,true,,447,471,23,23,https://restful-booker.herokuapp.com/booking,337,0,0
1699055777460,325,DataUpdate,200,OK,Booking 1-46,text,true,,414,355,23,23,https://restful-booker.herokuapp.com/booking/2547,325,0,0
1699055777467,319,DataDelete,201,Created,Booking 1-10,text,true,,761,292,23,23,https://restful-booker.herokuapp.com/booking/2535,318,0,0
1699055774646,3276,GetBookingID's,200,OK,Booking 1-36,text,true,,32181,137,22,22,https://restful-booker.herokuapp.com/booking,2637,0,0
1699055777620,444,DataDelete,201,Created,Booking 1-35,text,true,,248,292,22,22,https://restful-booker.herokuapp.com/booking/2537,444,0,0
1699055777644,420,DataDelete,201,Created,Booking 1-73,text,true,,761,292,22,22,https://restful-booker.herokuapp.com/booking/2541,420,0,0
1699055777620,446,DataDelete,201,Created,Booking 1-6,text,true,,761,292,20,20,https://restful-booker.herokuapp.com/booking/2536,446,0,0
1699055777637,429,DataDelete,201,Created,Booking 1-55,text,true,,761,292,20,20,https://restful-booker.herokuapp.com/booking/2539,429,0,0
1699055777621,445,DataUpdate,200,OK,Booking 1-74,text,true,,927,355,20,20,https://restful-booker.herokuapp.com/booking/2551,445,0,0
1699055777644,425,DataUpdate,200,OK,Booking 1-91,text,true,,927,355,18,18,https://restful-booker.herokuapp.com/booking/2553,425,0,0
1699055777644,425,DataUpdate,200,OK,Booking 1-29,text,true,,927,355,18,18,https://restful-booker.herokuapp.com/booking/2552,425,0,0
1699055777713,360,DataDelete,201,Created,Booking 1-48,text,true,,248,292,18,18,https://restful-booker.herokuapp.com/booking/2542,360,0,0
1699055775940,2133,GetBookingID's,200,OK,Booking 1-51,text,true,,32386,137,18,18,https://restful-booker.herokuapp.com/booking,1409,0,0
1699055777739,349,DataUpdate,200,OK,Booking 1-30,text,true,,927,355,17,17,https://restful-booker.herokuapp.com/booking/2556,349,0,0
1699055777743,355,DataDelete,201,Created,Booking 1-26,text,true,,761,292,17,17,https://restful-booker.herokuapp.com/booking/2545,355,0,0
1699055777772,326,DataDelete,201,Created,Booking 1-43,text,true,,761,292,17,17,https://restful-booker.herokuapp.com/booking/2546,326,0,0
1699055777743,355,DataDelete,201,Created,Booking 1-28,text,true,,761,292,17,17,https://restful-booker.herokuapp.com/booking/2544,355,0,0
1699055771745,6353,UserAuthentication,200,OK,Booking 1-33,text,true,,784,250,17,17,https://restful-booker.herokuapp.com/auth,6353,0,5998
1699055777781,324,CreateBooking,200,OK,Booking 1-27,text,true,,955,466,14,14,https://restful-booker.herokuapp.com/booking,324,0,0
1699055777781,325,DataUpdate,200,OK,Booking 1-45,text,true,,415,355,14,14,https://restful-booker.herokuapp.com/booking/2558,325,0,0
1699055777785,323,DataDelete,201,Created,Booking 1-46,text,true,,761,292,14,14,https://restful-booker.herokuapp.com/booking/2547,323,0,0
1699055777923,315,CreateBooking,200,OK,Booking 1-36,text,true,,955,466,13,13,https://restful-booker.herokuapp.com/booking,315,0,0
1699055776555,1832,GetBookingID's,200,OK,Booking 1-89,text,true,,32287,137,13,13,https://restful-booker.herokuapp.com/booking,1082,0,0
1699055778069,326,DataDelete,201,Created,Booking 1-91,text,true,,761,292,13,13,https://restful-booker.herokuapp.com/booking/2553,326,0,0
1699055778066,329,DataDelete,201,Created,Booking 1-74,text,true,,761,292,13,13,https://restful-booker.herokuapp.com/booking/2551,329,0,0
1699055778069,327,DataDelete,201,Created,Booking 1-29,text,true,,761,292,11,11,https://restful-booker.herokuapp.com/booking/2552,327,0,0
1699055778073,323,CreateBooking,200,OK,Booking 1-51,text,true,,442,466,11,11,https://restful-booker.herokuapp.com/booking,323,0,0
1699055774720,3690,GetBookingID's,200,OK,Booking 1-7,text,true,,32200,137,10,10,https://restful-booker.herokuapp.com/booking,2644,0,0
1699055775919,2491,GetBookingID's,200,OK,Booking 1-38,text,true,,31843,137,10,10,https://restful-booker.herokuapp.com/booking,1724,0,0
1699055778089,321,DataDelete,201,Created,Booking 1-30,text,true,,761,292,10,10,https://restful-booker.herokuapp.com/booking/2556,321,0,0
1699055778106,320,DataUpdate,200,OK,Booking 1-27,text,true,,927,355,9,9,https://restful-booker.herokuapp.com/booking/2562,320,0,0
1699055778107,327,DataDelete,201,Created,Booking 1-45,text,true,,761,292,9,9,https://restful-booker.herokuapp.com/booking/2558,327,0,0
1699055778239,431,DataUpdate,200,OK,Booking 1-36,text,true,,915,355,8,8,https://restful-booker.herokuapp.com/booking/2565,431,0,0
1699055778387,351,CreateBooking,200,OK,Booking 1-89,text,true,,444,468,8,8,https://restful-booker.herokuapp.com/booking,351,0,0
1699055778397,351,DataUpdate,200,OK,Booking 1-51,text,true,,914,355,8,8,https://restful-booker.herokuapp.com/booking/2566,351,0,0
1699055778410,339,CreateBooking,200,OK,Booking 1-7,text,true,,443,467,8,8,https://restful-booker.herokuapp.com/booking,339,0,0
1699055778427,331,DataDelete,201,Created,Booking 1-27,text,true,,749,292,8,8,https://restful-booker.herokuapp.com/booking/2562,331,0,0
1699055778410,348,CreateBooking,200,OK,Booking 1-38,text,true,,944,467,8,8,https://restful-booker.herokuapp.com/booking,348,0,0
1699055778670,359,DataDelete,201,Created,Booking 1-36,text,true,,749,292,7,7,https://restful-booker.herokuapp.com/booking/2565,359,0,0
1699055778739,332,DataUpdate,200,OK,Booking 1-89,text,true,,915,355,6,6,https://restful-booker.herokuapp.com/booking/2570,332,0,0
1699055778750,336,DataUpdate,200,OK,Booking 1-7,text,true,,916,355,6,6,https://restful-booker.herokuapp.com/booking/2571,336,0,0
1699055778749,370,DataDelete,201,Created,Booking 1-51,text,true,,749,292,6,6,https://restful-booker.herokuapp.com/booking/2566,370,0,0
1699055778759,360,DataUpdate,200,OK,Booking 1-38,text,true,,915,355,6,6,https://restful-booker.herokuapp.com/booking/2572,360,0,0
1699055776984,2139,GetBookingID's,200,OK,Booking 1-41,text,true,,32420,137,5,5,https://restful-booker.herokuapp.com/booking,1412,0,0
1699055779071,431,DataDelete,201,Created,Booking 1-89,text,true,,749,292,5,5,https://restful-booker.herokuapp.com/booking/2570,431,0,0
1699055778099,1407,GetBookingID's,200,OK,Booking 1-33,text,true,,32375,137,4,4,https://restful-booker.herokuapp.com/booking,666,0,0
1699055779087,421,DataDelete,201,Created,Booking 1-7,text,true,,749,292,4,4,https://restful-booker.herokuapp.com/booking/2571,421,0,0
1699055779124,391,CreateBooking,200,OK,Booking 1-41,text,true,,941,464,3,3,https://restful-booker.herokuapp.com/booking,391,0,0
1699055779120,402,DataDelete,201,Created,Booking 1-38,text,true,,248,292,3,3,https://restful-booker.herokuapp.com/booking/2572,402,0,0
1699055779516,327,DataUpdate,200,OK,Booking 1-41,text,true,,918,355,2,2,https://restful-booker.herokuapp.com/booking/2583,327,0,0
1699055779506,337,CreateBooking,200,OK,Booking 1-33,text,true,,443,467,2,2,https://restful-booker.herokuapp.com/booking,337,0,0
1699055779844,358,DataDelete,201,Created,Booking 1-41,text,true,,753,292,2,2,https://restful-booker.herokuapp.com/booking/2583,358,0,0
1699055779844,368,DataUpdate,200,OK,Booking 1-33,text,true,,920,355,1,1,https://restful-booker.herokuapp.com/booking/2587,368,0,0
1699055780213,363,DataDelete,201,Created,Booking 1-33,text,true,,753,292,1,1,https://restful-booker.herokuapp.com/booking/2587,363,0,0
