{
  "Total" : {
    "transaction" : "Total",
    "sampleCount" : 800,
    "errorCount" : 68,
    "errorPct" : 8.5,
    "meanResTime" : 328.3300000000002,
    "medianResTime" : 223.0,
    "minResTime" : 214.0,
    "maxResTime" : 3037.0,
    "pct1ResTime" : 886.0,
    "pct2ResTime" : 907.0,
    "pct3ResTime" : 1366.7000000000012,
    "throughput" : 104.91803278688525,
    "receivedKBytesPerSec" : 41.07530737704918,
    "sentKBytesPerSec" : 30.08798668032787
  },
  "Logout" : {
    "transaction" : "Logout",
    "sampleCount" : 100,
    "errorCount" : 0,
    "errorPct" : 0.0,
    "meanResTime" : 247.49999999999991,
    "medianResTime" : 222.0,
    "minResTime" : 216.0,
    "maxResTime" : 2206.0,
    "pct1ResTime" : 234.60000000000002,
    "pct2ResTime" : 243.0,
    "pct3ResTime" : 2190.809999999992,
    "throughput" : 19.153418885271023,
    "receivedKBytesPerSec" : 7.12641855008619,
    "sentKBytesPerSec" : 3.0114262114537445
  },
  "CreateUserWithList" : {
    "transaction" : "CreateUserWithList",
    "sampleCount" : 100,
    "errorCount" : 0,
    "errorPct" : 0.0,
    "meanResTime" : 251.95,
    "medianResTime" : 223.0,
    "minResTime" : 214.0,
    "maxResTime" : 1950.0,
    "pct1ResTime" : 229.9,
    "pct2ResTime" : 234.95,
    "pct3ResTime" : 1944.4199999999971,
    "throughput" : 37.147102526002975,
    "receivedKBytesPerSec" : 13.821334045319464,
    "sentKBytesPerSec" : 16.460084277488853
  },
  "DeleteUser" : {
    "transaction" : "DeleteUser",
    "sampleCount" : 100,
    "errorCount" : 41,
    "errorPct" : 41.0,
    "meanResTime" : 223.92000000000002,
    "medianResTime" : 223.0,
    "minResTime" : 215.0,
    "maxResTime" : 260.0,
    "pct1ResTime" : 231.0,
    "pct2ResTime" : 234.95,
    "pct3ResTime" : 259.8499999999999,
    "throughput" : 30.95017022593624,
    "receivedKBytesPerSec" : 10.513385948622718,
    "sentKBytesPerSec" : 7.515088207985144
  },
  "CreateUser" : {
    "transaction" : "CreateUser",
    "sampleCount" : 100,
    "errorCount" : 0,
    "errorPct" : 0.0,
    "meanResTime" : 239.29000000000002,
    "medianResTime" : 222.0,
    "minResTime" : 214.0,
    "maxResTime" : 1368.0,
    "pct1ResTime" : 228.0,
    "pct2ResTime" : 242.79999999999995,
    "pct3ResTime" : 1361.3099999999965,
    "throughput" : 18.821757952192737,
    "receivedKBytesPerSec" : 7.0022821381517035,
    "sentKBytesPerSec" : 7.917269551101073
  },
  "UpdateUser" : {
    "transaction" : "UpdateUser",
    "sampleCount" : 100,
    "errorCount" : 0,
    "errorPct" : 0.0,
    "meanResTime" : 244.38,
    "medianResTime" : 223.0,
    "minResTime" : 216.0,
    "maxResTime" : 1238.0,
    "pct1ResTime" : 229.9,
    "pct2ResTime" : 246.89999999999998,
    "pct3ResTime" : 1233.1099999999974,
    "throughput" : 31.17206982543641,
    "receivedKBytesPerSec" : 11.567760286783042,
    "sentKBytesPerSec" : 7.325436408977556
  },
  "LoginUser" : {
    "transaction" : "LoginUser",
    "sampleCount" : 100,
    "errorCount" : 0,
    "errorPct" : 0.0,
    "meanResTime" : 227.56000000000003,
    "medianResTime" : 222.0,
    "minResTime" : 215.0,
    "maxResTime" : 713.0,
    "pct1ResTime" : 228.9,
    "pct2ResTime" : 232.89999999999998,
    "pct3ResTime" : 708.3099999999977,
    "throughput" : 30.902348578491967,
    "receivedKBytesPerSec" : 14.545832045735475,
    "sentKBytesPerSec" : 5.94900388210754
  },
  "CreateUserWithArray" : {
    "transaction" : "CreateUserWithArray",
    "sampleCount" : 100,
    "errorCount" : 0,
    "errorPct" : 0.0,
    "meanResTime" : 958.23,
    "medianResTime" : 897.5,
    "minResTime" : 869.0,
    "maxResTime" : 3037.0,
    "pct1ResTime" : 959.7,
    "pct2ResTime" : 1195.6499999999999,
    "pct3ResTime" : 3032.3399999999974,
    "throughput" : 29.214139643587497,
    "receivedKBytesPerSec" : 10.869714066608239,
    "sentKBytesPerSec" : 12.973474474145487
  },
  "GetUser" : {
    "transaction" : "GetUser",
    "sampleCount" : 100,
    "errorCount" : 27,
    "errorPct" : 27.0,
    "meanResTime" : 233.81000000000003,
    "medianResTime" : 222.0,
    "minResTime" : 215.0,
    "maxResTime" : 762.0,
    "pct1ResTime" : 231.8,
    "pct2ResTime" : 233.0,
    "pct3ResTime" : 761.98,
    "throughput" : 37.17472118959108,
    "receivedKBytesPerSec" : 17.184595724907062,
    "sentKBytesPerSec" : 5.9043912639405205
  }
}