{
  "DataDelete" : {
    "transaction" : "DataDelete",
    "sampleCount" : 50,
    "errorCount" : 0,
    "errorPct" : 0.0,
    "meanResTime" : 317.2799999999999,
    "medianResTime" : 316.0,
    "minResTime" : 303.0,
    "maxResTime" : 350.0,
    "pct1ResTime" : 328.0,
    "pct2ResTime" : 341.84999999999997,
    "pct3ResTime" : 350.0,
    "throughput" : 17.31301939058172,
    "receivedKBytesPerSec" : 10.653593533587259,
    "sentKBytesPerSec" : 4.936915685595568
  },
  "GetBookingID's" : {
    "transaction" : "GetBookingID's",
    "sampleCount" : 50,
    "errorCount" : 0,
    "errorPct" : 0.0,
    "meanResTime" : 1101.98,
    "medianResTime" : 972.0,
    "minResTime" : 359.0,
    "maxResTime" : 1997.0,
    "pct1ResTime" : 1686.0,
    "pct2ResTime" : 1963.1999999999998,
    "pct3ResTime" : 1997.0,
    "throughput" : 15.56178026766262,
    "receivedKBytesPerSec" : 328.81403429427326,
    "sentKBytesPerSec" : 2.081995992841581
  },
  "Total" : {
    "transaction" : "Total",
    "sampleCount" : 250,
    "errorCount" : 0,
    "errorPct" : 0.0,
    "meanResTime" : 755.3040000000001,
    "medianResTime" : 326.0,
    "minResTime" : 303.0,
    "maxResTime" : 3248.0,
    "pct1ResTime" : 1650.4,
    "pct2ResTime" : 2185.3999999999996,
    "pct3ResTime" : 2998.9900000000016,
    "throughput" : 43.9521800281294,
    "receivedKBytesPerSec" : 210.45934835399086,
    "sentKBytesPerSec" : 12.895329256768637
  },
  "DataUpdate" : {
    "transaction" : "DataUpdate",
    "sampleCount" : 50,
    "errorCount" : 0,
    "errorPct" : 0.0,
    "meanResTime" : 332.73999999999995,
    "medianResTime" : 317.0,
    "minResTime" : 306.0,
    "maxResTime" : 1053.0,
    "pct1ResTime" : 330.0,
    "pct2ResTime" : 335.9,
    "pct3ResTime" : 1053.0,
    "throughput" : 17.31301939058172,
    "receivedKBytesPerSec" : 13.309721801419668,
    "sentKBytesPerSec" : 6.00207215200831
  },
  "UserAuthentication" : {
    "transaction" : "UserAuthentication",
    "sampleCount" : 50,
    "errorCount" : 0,
    "errorPct" : 0.0,
    "meanResTime" : 1690.4599999999998,
    "medianResTime" : 1353.5,
    "minResTime" : 1248.0,
    "maxResTime" : 3248.0,
    "pct1ResTime" : 2776.2999999999997,
    "pct2ResTime" : 2992.9499999999994,
    "pct3ResTime" : 3248.0,
    "throughput" : 13.561160835367508,
    "receivedKBytesPerSec" : 8.149410089503663,
    "sentKBytesPerSec" : 3.3108302820721454
  },
  "CreateBooking" : {
    "transaction" : "CreateBooking",
    "sampleCount" : 50,
    "errorCount" : 0,
    "errorPct" : 0.0,
    "meanResTime" : 334.06,
    "medianResTime" : 316.5,
    "minResTime" : 306.0,
    "maxResTime" : 1084.0,
    "pct1ResTime" : 332.9,
    "pct2ResTime" : 342.49999999999994,
    "pct3ResTime" : 1084.0,
    "throughput" : 17.23543605653223,
    "receivedKBytesPerSec" : 14.257273892623234,
    "sentKBytesPerSec" : 7.8801625517063085
  }
}