{
  "DataDelete" : {
    "transaction" : "DataDelete",
    "sampleCount" : 1000,
    "errorCount" : 1,
    "errorPct" : 0.1,
    "meanResTime" : 847.1110000000001,
    "medianResTime" : 547.5,
    "minResTime" : 299.0,
    "maxResTime" : 62059.0,
    "pct1ResTime" : 1803.9,
    "pct2ResTime" : 2247.0999999999985,
    "pct3ResTime" : 5406.9400000000005,
    "throughput" : 4.100747156131847,
    "receivedKBytesPerSec" : 2.494711958393819,
    "sentKBytesPerSec" : 1.1658856665559465
  },
  "GetBookingID's" : {
    "transaction" : "GetBookingID's",
    "sampleCount" : 1000,
    "errorCount" : 0,
    "errorPct" : 0.0,
    "meanResTime" : 1989.5890000000004,
    "medianResTime" : 972.0,
    "minResTime" : 306.0,
    "maxResTime" : 24329.0,
    "pct1ResTime" : 4952.3,
    "pct2ResTime" : 6458.299999999999,
    "pct3ResTime" : 12335.83,
    "throughput" : 16.68613382279326,
    "receivedKBytesPerSec" : 118.79942289441848,
    "sentKBytesPerSec" : 2.232422200901051
  },
  "Total" : {
    "transaction" : "Total",
    "sampleCount" : 5000,
    "errorCount" : 3,
    "errorPct" : 0.06,
    "meanResTime" : 3440.067599999991,
    "medianResTime" : 581.0,
    "minResTime" : 299.0,
    "maxResTime" : 62521.0,
    "pct1ResTime" : 10154.500000000004,
    "pct2ResTime" : 18661.09999999999,
    "pct3ResTime" : 27582.799999999996,
    "throughput" : 20.12112919777058,
    "receivedKBytesPerSec" : 40.09324414223626,
    "sentKBytesPerSec" : 5.894414060142055
  },
  "DataUpdate" : {
    "transaction" : "DataUpdate",
    "sampleCount" : 1000,
    "errorCount" : 1,
    "errorPct" : 0.1,
    "meanResTime" : 869.6900000000007,
    "medianResTime" : 559.5,
    "minResTime" : 301.0,
    "maxResTime" : 61635.0,
    "pct1ResTime" : 1846.0,
    "pct2ResTime" : 2507.599999999994,
    "pct3ResTime" : 5822.42,
    "throughput" : 5.4830272890268175,
    "receivedKBytesPerSec" : 4.2710533683607395,
    "sentKBytesPerSec" : 1.8958798391142717
  },
  "UserAuthentication" : {
    "transaction" : "UserAuthentication",
    "sampleCount" : 1000,
    "errorCount" : 0,
    "errorPct" : 0.0,
    "meanResTime" : 12571.380000000006,
    "medianResTime" : 9764.5,
    "minResTime" : 2347.0,
    "maxResTime" : 58045.0,
    "pct1ResTime" : 23836.3,
    "pct2ResTime" : 27261.799999999996,
    "pct3ResTime" : 34536.450000000004,
    "throughput" : 17.073587160662456,
    "receivedKBytesPerSec" : 11.07767348365204,
    "sentKBytesPerSec" : 4.168356240396108
  },
  "CreateBooking" : {
    "transaction" : "CreateBooking",
    "sampleCount" : 1000,
    "errorCount" : 1,
    "errorPct" : 0.1,
    "meanResTime" : 922.5679999999998,
    "medianResTime" : 565.0,
    "minResTime" : 300.0,
    "maxResTime" : 62521.0,
    "pct1ResTime" : 1863.6999999999998,
    "pct2ResTime" : 2959.4499999999994,
    "pct3ResTime" : 7280.130000000001,
    "throughput" : 8.240218860212927,
    "receivedKBytesPerSec" : 6.651401661228123,
    "sentKBytesPerSec" : 3.763470504651604
  }
}