{
  "Total" : {
    "transaction" : "Total",
    "sampleCount" : 1600,
    "errorCount" : 202,
    "errorPct" : 12.625,
    "meanResTime" : 322.4418749999995,
    "medianResTime" : 221.0,
    "minResTime" : 212.0,
    "maxResTime" : 3685.0,
    "pct1ResTime" : 885.0,
    "pct2ResTime" : 900.9499999999998,
    "pct3ResTime" : 1357.94,
    "throughput" : 167.78523489932886,
    "receivedKBytesPerSec" : 65.01196534841652,
    "sentKBytesPerSec" : 48.0728661453964
  },
  "Logout" : {
    "transaction" : "Logout",
    "sampleCount" : 200,
    "errorCount" : 0,
    "errorPct" : 0.0,
    "meanResTime" : 224.14999999999995,
    "medianResTime" : 221.0,
    "minResTime" : 213.0,
    "maxResTime" : 732.0,
    "pct1ResTime" : 227.0,
    "pct2ResTime" : 229.89999999999998,
    "pct3ResTime" : 251.99,
    "throughput" : 52.2466039707419,
    "receivedKBytesPerSec" : 19.43941026645768,
    "sentKBytesPerSec" : 8.2145539446186
  },
  "CreateUserWithList" : {
    "transaction" : "CreateUserWithList",
    "sampleCount" : 200,
    "errorCount" : 0,
    "errorPct" : 0.0,
    "meanResTime" : 249.8549999999999,
    "medianResTime" : 221.0,
    "minResTime" : 213.0,
    "maxResTime" : 1952.0,
    "pct1ResTime" : 227.0,
    "pct2ResTime" : 232.0,
    "pct3ResTime" : 1378.7900000000002,
    "throughput" : 71.37758743754462,
    "receivedKBytesPerSec" : 26.5574812633833,
    "sentKBytesPerSec" : 31.598871899536046
  },
  "DeleteUser" : {
    "transaction" : "DeleteUser",
    "sampleCount" : 200,
    "errorCount" : 121,
    "errorPct" : 60.5,
    "meanResTime" : 223.01000000000002,
    "medianResTime" : 220.0,
    "minResTime" : 214.0,
    "maxResTime" : 703.0,
    "pct1ResTime" : 224.0,
    "pct2ResTime" : 226.95,
    "pct3ResTime" : 238.92000000000007,
    "throughput" : 59.916117435590174,
    "receivedKBytesPerSec" : 19.27877143873577,
    "sentKBytesPerSec" : 14.534924543139605
  },
  "CreateUser" : {
    "transaction" : "CreateUser",
    "sampleCount" : 200,
    "errorCount" : 0,
    "errorPct" : 0.0,
    "meanResTime" : 247.8899999999999,
    "medianResTime" : 221.0,
    "minResTime" : 214.0,
    "maxResTime" : 3685.0,
    "pct1ResTime" : 227.9,
    "pct2ResTime" : 251.95,
    "pct3ResTime" : 1106.620000000004,
    "throughput" : 27.416038382453735,
    "receivedKBytesPerSec" : 10.198819825222756,
    "sentKBytesPerSec" : 11.521295622001372
  },
  "UpdateUser" : {
    "transaction" : "UpdateUser",
    "sampleCount" : 200,
    "errorCount" : 0,
    "errorPct" : 0.0,
    "meanResTime" : 231.2650000000001,
    "medianResTime" : 221.0,
    "minResTime" : 214.0,
    "maxResTime" : 1241.0,
    "pct1ResTime" : 226.0,
    "pct2ResTime" : 227.0,
    "pct3ResTime" : 737.7900000000002,
    "throughput" : 59.9880023995201,
    "receivedKBytesPerSec" : 22.26117276544691,
    "sentKBytesPerSec" : 14.083706696160768
  },
  "LoginUser" : {
    "transaction" : "LoginUser",
    "sampleCount" : 200,
    "errorCount" : 0,
    "errorPct" : 0.0,
    "meanResTime" : 228.96499999999995,
    "medianResTime" : 221.0,
    "minResTime" : 214.0,
    "maxResTime" : 711.0,
    "pct1ResTime" : 226.9,
    "pct2ResTime" : 231.84999999999997,
    "pct3ResTime" : 698.97,
    "throughput" : 54.6000546000546,
    "receivedKBytesPerSec" : 25.700416325416327,
    "sentKBytesPerSec" : 10.499846437346438
  },
  "CreateUserWithArray" : {
    "transaction" : "CreateUserWithArray",
    "sampleCount" : 200,
    "errorCount" : 0,
    "errorPct" : 0.0,
    "meanResTime" : 945.5500000000003,
    "medianResTime" : 894.0,
    "minResTime" : 861.0,
    "maxResTime" : 2501.0,
    "pct1ResTime" : 919.0,
    "pct2ResTime" : 1532.6999999999998,
    "pct3ResTime" : 2226.380000000004,
    "throughput" : 57.24098454493418,
    "receivedKBytesPerSec" : 21.297671007441327,
    "sentKBytesPerSec" : 25.396494436891814
  },
  "GetUser" : {
    "transaction" : "GetUser",
    "sampleCount" : 200,
    "errorCount" : 81,
    "errorPct" : 40.5,
    "meanResTime" : 228.85000000000002,
    "medianResTime" : 221.0,
    "minResTime" : 212.0,
    "maxResTime" : 776.0,
    "pct1ResTime" : 226.0,
    "pct2ResTime" : 229.0,
    "pct3ResTime" : 763.7900000000002,
    "throughput" : 60.07810153199159,
    "receivedKBytesPerSec" : 26.914872146290175,
    "sentKBytesPerSec" : 9.528598115049563
  }
}