{
  "Total" : {
    "transaction" : "Total",
    "sampleCount" : 6000,
    "errorCount" : 5000,
    "errorPct" : 83.333336,
    "meanResTime" : 397.9255000000001,
    "medianResTime" : 228.0,
    "minResTime" : 214.0,
    "maxResTime" : 12435.0,
    "pct1ResTime" : 1049.0,
    "pct2ResTime" : 1146.0,
    "pct3ResTime" : 1466.909999999998,
    "throughput" : 420.8459002595216,
    "receivedKBytesPerSec" : 118.91088588062004,
    "sentKBytesPerSec" : 127.29917211720559
  },
  "Logout" : {
    "transaction" : "Logout",
    "sampleCount" : 1000,
    "errorCount" : 1000,
    "errorPct" : 100.0,
    "meanResTime" : 228.67,
    "medianResTime" : 224.0,
    "minResTime" : 214.0,
    "maxResTime" : 1231.0,
    "pct1ResTime" : 233.0,
    "pct2ResTime" : 238.94999999999993,
    "pct3ResTime" : 300.99,
    "throughput" : 81.77952240758914,
    "receivedKBytesPerSec" : 21.642822824664705,
    "sentKBytesPerSec" : 12.857913191036964
  },
  "CreateUserWithList" : {
    "transaction" : "CreateUserWithList",
    "sampleCount" : 1000,
    "errorCount" : 1000,
    "errorPct" : 100.0,
    "meanResTime" : 278.125,
    "medianResTime" : 233.0,
    "minResTime" : 215.0,
    "maxResTime" : 2815.0,
    "pct1ResTime" : 353.0,
    "pct2ResTime" : 402.94999999999993,
    "pct3ResTime" : 867.95,
    "throughput" : 83.25008325008325,
    "receivedKBytesPerSec" : 22.032004453879452,
    "sentKBytesPerSec" : 36.85710448405761
  },
  "CreateUser" : {
    "transaction" : "CreateUser",
    "sampleCount" : 1000,
    "errorCount" : 1000,
    "errorPct" : 100.0,
    "meanResTime" : 245.21799999999996,
    "medianResTime" : 224.0,
    "minResTime" : 214.0,
    "maxResTime" : 2152.0,
    "pct1ResTime" : 235.0,
    "pct2ResTime" : 253.89999999999986,
    "pct3ResTime" : 752.99,
    "throughput" : 81.24136810463888,
    "receivedKBytesPerSec" : 21.500401129255017,
    "sentKBytesPerSec" : 34.143033679624665
  },
  "LoginUser" : {
    "transaction" : "LoginUser",
    "sampleCount" : 1000,
    "errorCount" : 1000,
    "errorPct" : 100.0,
    "meanResTime" : 237.1029999999998,
    "medianResTime" : 225.0,
    "minResTime" : 215.0,
    "maxResTime" : 1324.0,
    "pct1ResTime" : 241.0,
    "pct2ResTime" : 266.89999999999986,
    "pct3ResTime" : 415.0,
    "throughput" : 82.31807704972012,
    "receivedKBytesPerSec" : 21.78535046921304,
    "sentKBytesPerSec" : 15.83304607754363
  },
  "CreateUserWithArray" : {
    "transaction" : "CreateUserWithArray",
    "sampleCount" : 1000,
    "errorCount" : 0,
    "errorPct" : 0.0,
    "meanResTime" : 1147.6329999999991,
    "medianResTime" : 1077.0,
    "minResTime" : 888.0,
    "maxResTime" : 12435.0,
    "pct1ResTime" : 1257.6999999999998,
    "pct2ResTime" : 1566.5999999999995,
    "pct3ResTime" : 2982.1800000000007,
    "throughput" : 78.70916961826052,
    "receivedKBytesPerSec" : 29.2853453364817,
    "sentKBytesPerSec" : 34.92358139020071
  },
  "GetUser" : {
    "transaction" : "GetUser",
    "sampleCount" : 1000,
    "errorCount" : 1000,
    "errorPct" : 100.0,
    "meanResTime" : 250.80400000000031,
    "medianResTime" : 228.0,
    "minResTime" : 215.0,
    "maxResTime" : 1368.0,
    "pct1ResTime" : 303.39999999999986,
    "pct2ResTime" : 384.89999999999986,
    "pct3ResTime" : 786.97,
    "throughput" : 82.75405494869248,
    "receivedKBytesPerSec" : 21.90073133896061,
    "sentKBytesPerSec" : 13.128074183838134
  }
}