{
  "DataDelete" : {
    "transaction" : "DataDelete",
    "sampleCount" : 200,
    "errorCount" : 0,
    "errorPct" : 0.0,
    "meanResTime" : 351.4250000000002,
    "medianResTime" : 320.5,
    "minResTime" : 302.0,
    "maxResTime" : 1502.0,
    "pct1ResTime" : 336.9,
    "pct2ResTime" : 343.95,
    "pct3ResTime" : 1428.850000000001,
    "throughput" : 9.307520476545047,
    "receivedKBytesPerSec" : 5.557062372021593,
    "sentKBytesPerSec" : 2.654097635889799
  },
  "GetBookingID's" : {
    "transaction" : "GetBookingID's",
    "sampleCount" : 200,
    "errorCount" : 0,
    "errorPct" : 0.0,
    "meanResTime" : 8493.230000000003,
    "medianResTime" : 8067.0,
    "minResTime" : 2061.0,
    "maxResTime" : 24298.0,
    "pct1ResTime" : 12265.2,
    "pct2ResTime" : 15062.599999999999,
    "pct3ResTime" : 21820.810000000012,
    "throughput" : 8.11787149409425,
    "receivedKBytesPerSec" : 606.9590215554856,
    "sentKBytesPerSec" : 1.0860824166903438
  },
  "Total" : {
    "transaction" : "Total",
    "sampleCount" : 1000,
    "errorCount" : 0,
    "errorPct" : 0.0,
    "meanResTime" : 2956.762,
    "medianResTime" : 331.0,
    "minResTime" : 302.0,
    "maxResTime" : 24298.0,
    "pct1ResTime" : 8668.4,
    "pct2ResTime" : 10512.85,
    "pct3ResTime" : 17259.090000000015,
    "throughput" : 35.69771177667511,
    "receivedKBytesPerSec" : 553.3188901692963,
    "sentKBytesPerSec" : 10.473304247135259
  },
  "DataUpdate" : {
    "transaction" : "DataUpdate",
    "sampleCount" : 200,
    "errorCount" : 0,
    "errorPct" : 0.0,
    "meanResTime" : 416.63,
    "medianResTime" : 321.0,
    "minResTime" : 305.0,
    "maxResTime" : 7240.0,
    "pct1ResTime" : 341.9,
    "pct2ResTime" : 903.95,
    "pct3ResTime" : 3125.620000000014,
    "throughput" : 9.076057360682519,
    "receivedKBytesPerSec" : 6.785017627405154,
    "sentKBytesPerSec" : 3.1464847295334906
  },
  "UserAuthentication" : {
    "transaction" : "UserAuthentication",
    "sampleCount" : 200,
    "errorCount" : 0,
    "errorPct" : 0.0,
    "meanResTime" : 5123.119999999998,
    "medianResTime" : 4738.0,
    "minResTime" : 1785.0,
    "maxResTime" : 17906.0,
    "pct1ResTime" : 8770.900000000001,
    "pct2ResTime" : 11241.999999999998,
    "pct3ResTime" : 17535.840000000004,
    "throughput" : 10.749798441279227,
    "receivedKBytesPerSec" : 6.729436811341037,
    "sentKBytesPerSec" : 2.624462510077936
  },
  "CreateBooking" : {
    "transaction" : "CreateBooking",
    "sampleCount" : 200,
    "errorCount" : 0,
    "errorPct" : 0.0,
    "meanResTime" : 399.4049999999999,
    "medianResTime" : 320.0,
    "minResTime" : 304.0,
    "maxResTime" : 2614.0,
    "pct1ResTime" : 332.9,
    "pct2ResTime" : 971.5999999999999,
    "pct3ResTime" : 2315.1500000000005,
    "throughput" : 9.072352007257882,
    "receivedKBytesPerSec" : 6.91071352630982,
    "sentKBytesPerSec" : 4.147677336130641
  }
}