{
  "Total" : {
    "transaction" : "Total",
    "sampleCount" : 4000,
    "errorCount" : 816,
    "errorPct" : 20.4,
    "meanResTime" : 338.0830000000003,
    "medianResTime" : 229.0,
    "minResTime" : 213.0,
    "maxResTime" : 6609.0,
    "pct1ResTime" : 925.0,
    "pct2ResTime" : 970.0,
    "pct3ResTime" : 1121.9699999999993,
    "throughput" : 456.5688848304988,
    "receivedKBytesPerSec" : 173.41982133175438,
    "sentKBytesPerSec" : 130.80263829043488
  },
  "Logout" : {
    "transaction" : "Logout",
    "sampleCount" : 500,
    "errorCount" : 0,
    "errorPct" : 0.0,
    "meanResTime" : 231.36800000000008,
    "medianResTime" : 225.0,
    "minResTime" : 213.0,
    "maxResTime" : 1247.0,
    "pct1ResTime" : 237.0,
    "pct2ResTime" : 242.95,
    "pct3ResTime" : 450.7900000000011,
    "throughput" : 78.82705344474223,
    "receivedKBytesPerSec" : 29.329206408639447,
    "sentKBytesPerSec" : 12.393706645120606
  },
  "CreateUserWithList" : {
    "transaction" : "CreateUserWithList",
    "sampleCount" : 500,
    "errorCount" : 0,
    "errorPct" : 0.0,
    "meanResTime" : 258.3940000000001,
    "medianResTime" : 233.0,
    "minResTime" : 214.0,
    "maxResTime" : 1452.0,
    "pct1ResTime" : 260.90000000000003,
    "pct2ResTime" : 282.79999999999995,
    "pct3ResTime" : 840.9000000000001,
    "throughput" : 83.5142809420411,
    "receivedKBytesPerSec" : 31.073184608318023,
    "sentKBytesPerSec" : 36.95555865834308
  },
  "DeleteUser" : {
    "transaction" : "DeleteUser",
    "sampleCount" : 500,
    "errorCount" : 451,
    "errorPct" : 90.2,
    "meanResTime" : 232.222,
    "medianResTime" : 225.0,
    "minResTime" : 214.0,
    "maxResTime" : 745.0,
    "pct1ResTime" : 237.0,
    "pct2ResTime" : 246.0,
    "pct3ResTime" : 724.9500000000037,
    "throughput" : 81.59268929503916,
    "receivedKBytesPerSec" : 24.005939692803523,
    "sentKBytesPerSec" : 19.80327875122389
  },
  "CreateUser" : {
    "transaction" : "CreateUser",
    "sampleCount" : 500,
    "errorCount" : 0,
    "errorPct" : 0.0,
    "meanResTime" : 234.3880000000001,
    "medianResTime" : 225.0,
    "minResTime" : 213.0,
    "maxResTime" : 1166.0,
    "pct1ResTime" : 236.0,
    "pct2ResTime" : 242.95,
    "pct3ResTime" : 682.8000000000002,
    "throughput" : 77.82101167315176,
    "receivedKBytesPerSec" : 28.949112354085603,
    "sentKBytesPerSec" : 32.68832076848249
  },
  "UpdateUser" : {
    "transaction" : "UpdateUser",
    "sampleCount" : 500,
    "errorCount" : 0,
    "errorPct" : 0.0,
    "meanResTime" : 246.51999999999995,
    "medianResTime" : 229.0,
    "minResTime" : 214.0,
    "maxResTime" : 4235.0,
    "pct1ResTime" : 252.0,
    "pct2ResTime" : 259.95,
    "pct3ResTime" : 730.6900000000039,
    "throughput" : 81.75277959450622,
    "receivedKBytesPerSec" : 30.33794555264879,
    "sentKBytesPerSec" : 19.203440514633748
  },
  "LoginUser" : {
    "transaction" : "LoginUser",
    "sampleCount" : 500,
    "errorCount" : 0,
    "errorPct" : 0.0,
    "meanResTime" : 230.80200000000008,
    "medianResTime" : 226.0,
    "minResTime" : 214.0,
    "maxResTime" : 759.0,
    "pct1ResTime" : 239.0,
    "pct2ResTime" : 246.0,
    "pct3ResTime" : 279.95000000000005,
    "throughput" : 81.79290037624735,
    "receivedKBytesPerSec" : 38.5001738099133,
    "sentKBytesPerSec" : 15.731554422951087
  },
  "CreateUserWithArray" : {
    "transaction" : "CreateUserWithArray",
    "sampleCount" : 500,
    "errorCount" : 0,
    "errorPct" : 0.0,
    "meanResTime" : 1029.2399999999996,
    "medianResTime" : 954.5,
    "minResTime" : 874.0,
    "maxResTime" : 6609.0,
    "pct1ResTime" : 1070.9,
    "pct2ResTime" : 1289.499999999999,
    "pct3ResTime" : 2937.86,
    "throughput" : 75.58578987150416,
    "receivedKBytesPerSec" : 28.123228458049887,
    "sentKBytesPerSec" : 33.52096915154951
  },
  "GetUser" : {
    "transaction" : "GetUser",
    "sampleCount" : 500,
    "errorCount" : 365,
    "errorPct" : 73.0,
    "meanResTime" : 241.73000000000025,
    "medianResTime" : 232.0,
    "minResTime" : 215.0,
    "maxResTime" : 831.0,
    "pct1ResTime" : 251.0,
    "pct2ResTime" : 258.0,
    "pct3ResTime" : 766.94,
    "throughput" : 82.64462809917356,
    "receivedKBytesPerSec" : 34.25135588842975,
    "sentKBytesPerSec" : 13.117736311983471
  }
}