{
  "DataDelete" : {
    "transaction" : "DataDelete",
    "sampleCount" : 100,
    "errorCount" : 0,
    "errorPct" : 0.0,
    "meanResTime" : 340.7400000000001,
    "medianResTime" : 327.0,
    "minResTime" : 304.0,
    "maxResTime" : 449.0,
    "pct1ResTime" : 388.8,
    "pct2ResTime" : 428.5999999999999,
    "pct3ResTime" : 448.96999999999997,
    "throughput" : 16.129032258064516,
    "receivedKBytesPerSec" : 10.287928427419354,
    "sentKBytesPerSec" : 4.59929435483871
  },
  "GetBookingID's" : {
    "transaction" : "GetBookingID's",
    "sampleCount" : 100,
    "errorCount" : 0,
    "errorPct" : 0.0,
    "meanResTime" : 1591.6100000000001,
    "medianResTime" : 1349.5,
    "minResTime" : 621.0,
    "maxResTime" : 3829.0,
    "pct1ResTime" : 2811.600000000001,
    "pct2ResTime" : 3214.8999999999974,
    "pct3ResTime" : 3827.609999999999,
    "throughput" : 15.530361857431279,
    "receivedKBytesPerSec" : 481.59667286263397,
    "sentKBytesPerSec" : 2.077792553191489
  },
  "Total" : {
    "transaction" : "Total",
    "sampleCount" : 500,
    "errorCount" : 0,
    "errorPct" : 0.0,
    "meanResTime" : 985.453999999999,
    "medianResTime" : 364.0,
    "minResTime" : 301.0,
    "maxResTime" : 6353.0,
    "pct1ResTime" : 2412.600000000003,
    "pct2ResTime" : 3452.2,
    "pct3ResTime" : 4248.85,
    "throughput" : 54.67468562055768,
    "receivedKBytesPerSec" : 369.704457695462,
    "sentKBytesPerSec" : 16.04093339939858
  },
  "DataUpdate" : {
    "transaction" : "DataUpdate",
    "sampleCount" : 100,
    "errorCount" : 0,
    "errorPct" : 0.0,
    "meanResTime" : 358.3900000000001,
    "medianResTime" : 327.0,
    "minResTime" : 301.0,
    "maxResTime" : 1028.0,
    "pct1ResTime" : 421.9000000000002,
    "pct2ResTime" : 439.9,
    "pct3ResTime" : 1027.6999999999998,
    "throughput" : 16.26280696048138,
    "receivedKBytesPerSec" : 12.057346723044397,
    "sentKBytesPerSec" : 5.637984834932509
  },
  "UserAuthentication" : {
    "transaction" : "UserAuthentication",
    "sampleCount" : 100,
    "errorCount" : 0,
    "errorPct" : 0.0,
    "meanResTime" : 2263.29,
    "medianResTime" : 1646.0,
    "minResTime" : 1235.0,
    "maxResTime" : 6353.0,
    "pct1ResTime" : 3997.0000000000005,
    "pct2ResTime" : 4248.25,
    "pct3ResTime" : 6341.039999999994,
    "throughput" : 14.999250037498125,
    "receivedKBytesPerSec" : 9.825534113919304,
    "sentKBytesPerSec" : 3.661926278686066
  },
  "CreateBooking" : {
    "transaction" : "CreateBooking",
    "sampleCount" : 100,
    "errorCount" : 0,
    "errorPct" : 0.0,
    "meanResTime" : 373.23999999999995,
    "medianResTime" : 322.0,
    "minResTime" : 302.0,
    "maxResTime" : 1184.0,
    "pct1ResTime" : 390.70000000000005,
    "pct2ResTime" : 1010.3999999999996,
    "pct3ResTime" : 1182.7199999999993,
    "throughput" : 16.294606485253382,
    "receivedKBytesPerSec" : 12.467601739449243,
    "sentKBytesPerSec" : 7.449531275460323
  }
}