timeStamp,elapsed,label,responseCode,responseMessage,threadName,dataType,success,failureMessage,bytes,sentBytes,grpThreads,allThreads,URL,Latency,IdleTime,Connect
1699357890931,886,CreateUserWithArray,200,OK,Thread Group 1-5,text,true,,381,451,49,49,https://petstore.swagger.io/v2/user/createWithArray,886,0,671
1699357890947,897,CreateUserWithArray,200,OK,Thread Group 1-6,text,true,,381,456,50,50,https://petstore.swagger.io/v2/user/createWithArray,897,0,681
1699357890850,1017,CreateUserWithArray,200,OK,Thread Group 1-1,text,true,,381,459,50,50,https://petstore.swagger.io/v2/user/createWithArray,1017,0,782
1699357890867,1000,CreateUserWithArray,200,OK,Thread Group 1-2,text,true,,381,455,50,50,https://petstore.swagger.io/v2/user/createWithArray,1000,0,765
1699357890967,900,CreateUserWithArray,200,OK,Thread Group 1-7,text,true,,381,459,50,50,https://petstore.swagger.io/v2/user/createWithArray,900,0,668
1699357890907,962,CreateUserWithArray,200,OK,Thread Group 1-4,text,true,,381,448,50,50,https://petstore.swagger.io/v2/user/createWithArray,962,0,728
1699357890887,985,CreateUserWithArray,200,OK,Thread Group 1-3,text,true,,381,455,50,50,https://petstore.swagger.io/v2/user/createWithArray,985,0,748
1699357891008,890,CreateUserWithArray,200,OK,Thread Group 1-9,text,true,,381,453,50,50,https://petstore.swagger.io/v2/user/createWithArray,890,0,666
1699357890988,918,CreateUserWithArray,200,OK,Thread Group 1-8,text,true,,381,454,50,50,https://petstore.swagger.io/v2/user/createWithArray,918,0,694
1699357891028,917,CreateUserWithArray,200,OK,Thread Group 1-10,text,true,,381,454,50,50,https://petstore.swagger.io/v2/user/createWithArray,917,0,683
1699357891071,912,CreateUserWithArray,200,OK,Thread Group 1-12,text,true,,381,453,50,50,https://petstore.swagger.io/v2/user/createWithArray,912,0,664
1699357891051,935,CreateUserWithArray,200,OK,Thread Group 1-11,text,true,,381,454,50,50,https://petstore.swagger.io/v2/user/createWithArray,935,0,681
1699357891090,931,CreateUserWithArray,200,OK,Thread Group 1-13,text,true,,381,454,50,50,https://petstore.swagger.io/v2/user/createWithArray,931,0,686
1699357891127,905,CreateUserWithArray,200,OK,Thread Group 1-15,text,true,,381,446,50,50,https://petstore.swagger.io/v2/user/createWithArray,905,0,687
1699357891108,929,CreateUserWithArray,200,OK,Thread Group 1-14,text,true,,381,458,50,50,https://petstore.swagger.io/v2/user/createWithArray,929,0,709
1699357891819,220,CreateUserWithList,200,OK,Thread Group 1-5,text,true,,381,450,50,50,https://petstore.swagger.io/v2/user/createWithList,219,0,0
1699357891147,918,CreateUserWithArray,200,OK,Thread Group 1-16,text,true,,381,458,50,50,https://petstore.swagger.io/v2/user/createWithArray,918,0,689
1699357891845,222,CreateUserWithList,200,OK,Thread Group 1-6,text,true,,381,455,50,50,https://petstore.swagger.io/v2/user/createWithList,222,0,0
1699357891187,892,CreateUserWithArray,200,OK,Thread Group 1-18,text,true,,381,456,50,50,https://petstore.swagger.io/v2/user/createWithArray,891,0,676
1699357891868,218,CreateUserWithList,200,OK,Thread Group 1-1,text,true,,381,458,50,50,https://petstore.swagger.io/v2/user/createWithList,218,0,0
1699357891868,219,CreateUserWithList,200,OK,Thread Group 1-7,text,true,,381,458,50,50,https://petstore.swagger.io/v2/user/createWithList,219,0,0
1699357891868,221,CreateUserWithList,200,OK,Thread Group 1-2,text,true,,381,454,50,50,https://petstore.swagger.io/v2/user/createWithList,221,0,0
1699357891207,884,CreateUserWithArray,200,OK,Thread Group 1-19,text,true,,381,455,50,50,https://petstore.swagger.io/v2/user/createWithArray,884,0,668
1699357891873,221,CreateUserWithList,200,OK,Thread Group 1-3,text,true,,381,454,50,50,https://petstore.swagger.io/v2/user/createWithList,221,0,0
1699357891870,227,CreateUserWithList,200,OK,Thread Group 1-4,text,true,,381,447,50,50,https://petstore.swagger.io/v2/user/createWithList,227,0,0
1699357891168,937,CreateUserWithArray,200,OK,Thread Group 1-17,text,true,,381,459,50,50,https://petstore.swagger.io/v2/user/createWithArray,937,0,709
1699357891899,220,CreateUserWithList,200,OK,Thread Group 1-9,text,true,,381,452,50,50,https://petstore.swagger.io/v2/user/createWithList,220,0,0
1699357891227,901,CreateUserWithArray,200,OK,Thread Group 1-20,text,true,,381,459,50,50,https://petstore.swagger.io/v2/user/createWithArray,901,0,683
1699357891907,223,CreateUserWithList,200,OK,Thread Group 1-8,text,true,,381,453,50,50,https://petstore.swagger.io/v2/user/createWithList,223,0,0
1699357891267,896,CreateUserWithArray,200,OK,Thread Group 1-22,text,true,,381,456,50,50,https://petstore.swagger.io/v2/user/createWithArray,896,0,679
1699357891946,222,CreateUserWithList,200,OK,Thread Group 1-10,text,true,,381,453,50,50,https://petstore.swagger.io/v2/user/createWithList,222,0,0
1699357891247,935,CreateUserWithArray,200,OK,Thread Group 1-21,text,true,,381,451,50,50,https://petstore.swagger.io/v2/user/createWithArray,935,0,718
1699357891984,221,CreateUserWithList,200,OK,Thread Group 1-12,text,true,,381,452,50,50,https://petstore.swagger.io/v2/user/createWithList,220,0,0
1699357891987,223,CreateUserWithList,200,OK,Thread Group 1-11,text,true,,381,453,50,50,https://petstore.swagger.io/v2/user/createWithList,223,0,0
1699357892022,221,CreateUserWithList,200,OK,Thread Group 1-13,text,true,,381,453,50,50,https://petstore.swagger.io/v2/user/createWithList,221,0,0
1699357891308,937,CreateUserWithArray,200,OK,Thread Group 1-24,text,true,,381,452,50,50,https://petstore.swagger.io/v2/user/createWithArray,937,0,720
1699357891347,903,CreateUserWithArray,200,OK,Thread Group 1-26,text,true,,381,455,50,50,https://petstore.swagger.io/v2/user/createWithArray,903,0,686
1699357892033,221,CreateUserWithList,200,OK,Thread Group 1-15,text,true,,381,445,50,50,https://petstore.swagger.io/v2/user/createWithList,221,0,0
1699357892039,219,GetUser,404,Not Found,Thread Group 1-5,text,false,"Test failed: code expected to equal /

****** received  : [[[404]]]

****** comparison: [[[200]]]

/",396,164,50,50,https://petstore.swagger.io/v2/user/Mr7PJvPBb,219,0,0
1699357892038,220,CreateUserWithList,200,OK,Thread Group 1-14,text,true,,381,457,50,50,https://petstore.swagger.io/v2/user/createWithList,220,0,0
1699357891367,904,CreateUserWithArray,200,OK,Thread Group 1-27,text,true,,381,448,50,50,https://petstore.swagger.io/v2/user/createWithArray,904,0,683
1699357892067,214,GetUser,200,OK,Thread Group 1-6,text,true,,503,164,50,50,https://petstore.swagger.io/v2/user/EQ3EGjmLD,214,0,0
1699357891328,957,CreateUserWithArray,200,OK,Thread Group 1-25,text,true,,381,452,50,50,https://petstore.swagger.io/v2/user/createWithArray,957,0,728
1699357892066,226,CreateUserWithList,200,OK,Thread Group 1-16,text,true,,381,457,50,50,https://petstore.swagger.io/v2/user/createWithList,226,0,0
1699357892080,217,CreateUserWithList,200,OK,Thread Group 1-18,text,true,,381,455,50,50,https://petstore.swagger.io/v2/user/createWithList,217,0,0
1699357892087,217,GetUser,404,Not Found,Thread Group 1-1,text,false,"Test failed: code expected to equal /

****** received  : [[[404]]]

****** comparison: [[[200]]]

/",396,162,50,50,https://petstore.swagger.io/v2/user/Wz0JrkI,217,0,0
1699357892088,220,GetUser,200,OK,Thread Group 1-7,text,true,,506,164,50,50,https://petstore.swagger.io/v2/user/WGXRqSZv2,220,0,0
1699357891386,922,CreateUserWithArray,200,OK,Thread Group 1-28,text,true,,381,450,50,50,https://petstore.swagger.io/v2/user/createWithArray,922,0,707
1699357892090,220,GetUser,200,OK,Thread Group 1-2,text,true,,502,164,50,50,https://petstore.swagger.io/v2/user/OKsNiY6bb,220,0,0
1699357892092,218,CreateUserWithList,200,OK,Thread Group 1-19,text,true,,381,454,50,50,https://petstore.swagger.io/v2/user/createWithList,218,0,0
1699357892095,221,GetUser,200,OK,Thread Group 1-3,text,true,,502,160,50,50,https://petstore.swagger.io/v2/user/ts6IU,221,0,0
1699357892098,223,GetUser,200,OK,Thread Group 1-4,text,true,,495,160,50,50,https://petstore.swagger.io/v2/user/hlpwx,223,0,0
1699357891425,904,CreateUserWithArray,200,OK,Thread Group 1-30,text,true,,381,457,50,50,https://petstore.swagger.io/v2/user/createWithArray,904,0,681
1699357892105,227,CreateUserWithList,200,OK,Thread Group 1-17,text,true,,381,458,50,50,https://petstore.swagger.io/v2/user/createWithList,227,0,0
1699357891405,928,CreateUserWithArray,200,OK,Thread Group 1-29,text,true,,381,448,50,50,https://petstore.swagger.io/v2/user/createWithArray,928,0,705
1699357892120,218,GetUser,404,Not Found,Thread Group 1-9,text,false,"Test failed: code expected to equal /

****** received  : [[[404]]]

****** comparison: [[[200]]]

/",396,160,50,50,https://petstore.swagger.io/v2/user/2Xicn,218,0,0
1699357892129,220,CreateUserWithList,200,OK,Thread Group 1-20,text,true,,381,458,50,50,https://petstore.swagger.io/v2/user/createWithList,220,0,0
1699357891446,912,CreateUserWithArray,200,OK,Thread Group 1-31,text,true,,381,458,50,50,https://petstore.swagger.io/v2/user/createWithArray,912,0,693
1699357892131,233,GetUser,200,OK,Thread Group 1-8,text,true,,501,163,50,50,https://petstore.swagger.io/v2/user/3SObBWdh,233,0,0
1699357891467,897,CreateUserWithArray,200,OK,Thread Group 1-32,text,true,,381,457,50,50,https://petstore.swagger.io/v2/user/createWithArray,897,0,675
1699357892164,221,CreateUserWithList,200,OK,Thread Group 1-22,text,true,,381,455,50,50,https://petstore.swagger.io/v2/user/createWithList,221,0,0
1699357892168,221,GetUser,200,OK,Thread Group 1-10,text,true,,501,160,50,50,https://petstore.swagger.io/v2/user/GIfWp,221,0,0
1699357892183,217,CreateUserWithList,200,OK,Thread Group 1-21,text,true,,381,450,50,50,https://petstore.swagger.io/v2/user/createWithList,217,0,0
1699357891487,915,CreateUserWithArray,200,OK,Thread Group 1-33,text,true,,381,455,50,50,https://petstore.swagger.io/v2/user/createWithArray,915,0,697
1699357892205,221,GetUser,200,OK,Thread Group 1-12,text,true,,500,165,50,50,https://petstore.swagger.io/v2/user/rsQ6iP1RC9,221,0,0
1699357892210,223,GetUser,200,OK,Thread Group 1-11,text,true,,501,164,50,50,https://petstore.swagger.io/v2/user/BdqEHh1cj,223,0,0
1699357891507,943,CreateUserWithArray,200,OK,Thread Group 1-34,text,true,,381,454,50,50,https://petstore.swagger.io/v2/user/createWithArray,943,0,719
1699357892243,221,GetUser,404,Not Found,Thread Group 1-13,text,false,"Test failed: code expected to equal /

****** received  : [[[404]]]

****** comparison: [[[200]]]

/",396,163,50,50,https://petstore.swagger.io/v2/user/rS975vQD,221,0,0
1699357891568,897,CreateUserWithArray,200,OK,Thread Group 1-37,text,true,,381,451,50,50,https://petstore.swagger.io/v2/user/createWithArray,897,0,681
1699357892251,216,CreateUserWithList,200,OK,Thread Group 1-26,text,true,,381,454,50,50,https://petstore.swagger.io/v2/user/createWithList,216,0,0
1699357892246,221,CreateUserWithList,200,OK,Thread Group 1-24,text,true,,381,451,50,50,https://petstore.swagger.io/v2/user/createWithList,221,0,0
1699357891547,923,CreateUserWithArray,200,OK,Thread Group 1-36,text,true,,381,449,50,50,https://petstore.swagger.io/v2/user/createWithArray,923,0,698
1699357892254,218,GetUser,200,OK,Thread Group 1-15,text,true,,493,160,50,50,https://petstore.swagger.io/v2/user/jEY9C,218,0,0
1699357891527,948,CreateUserWithArray,200,OK,Thread Group 1-35,text,true,,381,455,50,50,https://petstore.swagger.io/v2/user/createWithArray,948,0,731
1699357892258,219,GetUser,200,OK,Thread Group 1-14,text,true,,505,165,50,50,https://petstore.swagger.io/v2/user/1xQC4IAlIt,218,0,0
1699357892264,215,UpdateUser,200,OK,Thread Group 1-5,text,true,,380,242,50,50,https://petstore.swagger.io/v2/user/Mr7PJvPBb,215,0,0
1699357891587,892,CreateUserWithArray,200,OK,Thread Group 1-38,text,true,,381,456,50,50,https://petstore.swagger.io/v2/user/createWithArray,892,0,675
1699357892272,223,CreateUserWithList,200,OK,Thread Group 1-27,text,true,,381,447,50,50,https://petstore.swagger.io/v2/user/createWithList,222,0,0
1699357892286,221,UpdateUser,200,OK,Thread Group 1-6,text,true,,380,242,50,50,https://petstore.swagger.io/v2/user/EQ3EGjmLD,221,0,0
1699357892293,222,GetUser,200,OK,Thread Group 1-16,text,true,,505,164,50,50,https://petstore.swagger.io/v2/user/L6KyhAro2,222,0,0
1699357892286,229,CreateUserWithList,200,OK,Thread Group 1-25,text,true,,381,451,50,50,https://petstore.swagger.io/v2/user/createWithList,229,0,0
1699357892298,219,GetUser,200,OK,Thread Group 1-18,text,true,,503,164,50,50,https://petstore.swagger.io/v2/user/3DuPx426a,219,0,0
1699357892309,218,CreateUserWithList,200,OK,Thread Group 1-28,text,true,,381,449,50,50,https://petstore.swagger.io/v2/user/createWithList,218,0,0
1699357892310,220,GetUser,200,OK,Thread Group 1-19,text,true,,502,161,50,50,https://petstore.swagger.io/v2/user/wslaHJ,220,0,0
1699357892312,220,UpdateUser,200,OK,Thread Group 1-7,text,true,,380,242,50,50,https://petstore.swagger.io/v2/user/WGXRqSZv2,220,0,0
1699357892311,222,UpdateUser,200,OK,Thread Group 1-1,text,true,,380,240,50,50,https://petstore.swagger.io/v2/user/Wz0JrkI,222,0,0
1699357891607,929,CreateUserWithArray,200,OK,Thread Group 1-39,text,true,,381,455,50,50,https://petstore.swagger.io/v2/user/createWithArray,929,0,701
1699357892314,225,UpdateUser,200,OK,Thread Group 1-2,text,true,,380,242,50,50,https://petstore.swagger.io/v2/user/OKsNiY6bb,225,0,0
1699357892321,222,UpdateUser,200,OK,Thread Group 1-3,text,true,,380,238,50,50,https://petstore.swagger.io/v2/user/ts6IU,221,0,0
1699357892325,226,UpdateUser,200,OK,Thread Group 1-4,text,true,,380,238,50,50,https://petstore.swagger.io/v2/user/hlpwx,226,0,0
1699357892330,221,CreateUserWithList,200,OK,Thread Group 1-30,text,true,,381,456,50,50,https://petstore.swagger.io/v2/user/createWithList,221,0,0
1699357891647,905,CreateUserWithArray,200,OK,Thread Group 1-41,text,true,,381,449,50,50,https://petstore.swagger.io/v2/user/createWithArray,905,0,682
1699357892334,219,CreateUserWithList,200,OK,Thread Group 1-29,text,true,,381,447,50,50,https://petstore.swagger.io/v2/user/createWithList,219,0,0
1699357892333,224,GetUser,200,OK,Thread Group 1-17,text,true,,506,165,50,50,https://petstore.swagger.io/v2/user/Xf9XJqWFtq,224,0,0
1699357891667,890,CreateUserWithArray,200,OK,Thread Group 1-42,text,true,,381,452,50,50,https://petstore.swagger.io/v2/user/createWithArray,890,0,673
1699357892342,217,UpdateUser,200,OK,Thread Group 1-9,text,true,,380,238,50,50,https://petstore.swagger.io/v2/user/2Xicn,217,0,0
1699357891628,933,CreateUserWithArray,200,OK,Thread Group 1-40,text,true,,381,460,50,50,https://petstore.swagger.io/v2/user/createWithArray,933,0,707
1699357892350,223,GetUser,200,OK,Thread Group 1-20,text,true,,506,164,50,50,https://petstore.swagger.io/v2/user/InbRuCyMS,223,0,0
1699357891687,890,CreateUserWithArray,200,OK,Thread Group 1-43,text,true,,381,453,50,50,https://petstore.swagger.io/v2/user/createWithArray,890,0,671
1699357892359,221,CreateUserWithList,200,OK,Thread Group 1-31,text,true,,381,457,50,50,https://petstore.swagger.io/v2/user/createWithList,221,0,0
1699357892365,224,CreateUserWithList,200,OK,Thread Group 1-32,text,true,,381,456,50,50,https://petstore.swagger.io/v2/user/createWithList,224,0,0
1699357892369,224,UpdateUser,200,OK,Thread Group 1-8,text,true,,380,241,50,50,https://petstore.swagger.io/v2/user/3SObBWdh,224,0,0
1699357891707,898,CreateUserWithArray,200,OK,Thread Group 1-44,text,true,,381,448,50,50,https://petstore.swagger.io/v2/user/createWithArray,898,0,674
1699357892386,232,GetUser,200,OK,Thread Group 1-22,text,true,,503,165,50,50,https://petstore.swagger.io/v2/user/pnepH7jj0W,232,0,0
1699357892394,224,UpdateUser,200,OK,Thread Group 1-10,text,true,,380,238,50,50,https://petstore.swagger.io/v2/user/GIfWp,224,0,0
1699357892401,220,GetUser,200,OK,Thread Group 1-21,text,true,,498,160,50,50,https://petstore.swagger.io/v2/user/FPUQR,220,0,0
1699357892403,219,CreateUserWithList,200,OK,Thread Group 1-33,text,true,,381,454,50,50,https://petstore.swagger.io/v2/user/createWithList,218,0,0
1699357891727,896,CreateUserWithArray,200,OK,Thread Group 1-45,text,true,,381,457,50,50,https://petstore.swagger.io/v2/user/createWithArray,895,0,670
1699357891748,886,CreateUserWithArray,200,OK,Thread Group 1-46,text,true,,381,454,50,50,https://petstore.swagger.io/v2/user/createWithArray,886,0,671
1699357891767,883,CreateUserWithArray,200,OK,Thread Group 1-47,text,true,,381,458,50,50,https://petstore.swagger.io/v2/user/createWithArray,883,0,662
1699357892431,238,UpdateUser,200,OK,Thread Group 1-12,text,true,,380,243,50,50,https://petstore.swagger.io/v2/user/rsQ6iP1RC9,238,0,0
1699357892438,234,UpdateUser,200,OK,Thread Group 1-11,text,true,,380,242,50,50,https://petstore.swagger.io/v2/user/BdqEHh1cj,234,0,0
1699357892451,223,CreateUserWithList,200,OK,Thread Group 1-34,text,true,,381,453,50,50,https://petstore.swagger.io/v2/user/createWithList,223,0,0
1699357892468,286,GetUser,200,OK,Thread Group 1-24,text,true,,499,161,50,50,https://petstore.swagger.io/v2/user/zhtTsI,286,0,0
1699357892529,225,GetUser,200,OK,Thread Group 1-28,text,true,,497,161,50,50,https://petstore.swagger.io/v2/user/TYiIVJ,225,0,0
1699357892521,233,UpdateUser,200,OK,Thread Group 1-18,text,true,,380,242,50,50,https://petstore.swagger.io/v2/user/3DuPx426a,233,0,0
1699357892511,243,DeleteUser,404,Not Found,Thread Group 1-6,,false,"Test failed: code expected to equal /

****** received  : [[[404]]]

****** comparison: [[[200]]]

/",292,250,50,50,https://petstore.swagger.io/v2/user/EQ3EGjmLD,243,0,0
1699357892467,287,CreateUserWithList,200,OK,Thread Group 1-37,text,true,,381,450,50,50,https://petstore.swagger.io/v2/user/createWithList,287,0,0
1699357892468,287,GetUser,404,Not Found,Thread Group 1-26,text,false,"Test failed: code expected to equal /

****** received  : [[[404]]]

****** comparison: [[[200]]]

/",396,163,50,50,https://petstore.swagger.io/v2/user/PIp77w2D,287,0,0
1699357892484,270,DeleteUser,404,Not Found,Thread Group 1-5,,false,"Test failed: code expected to equal /

****** received  : [[[404]]]

****** comparison: [[[200]]]

/",292,250,50,50,https://petstore.swagger.io/v2/user/Mr7PJvPBb,270,0,0
1699357892480,276,CreateUserWithList,200,OK,Thread Group 1-38,text,true,,381,455,50,50,https://petstore.swagger.io/v2/user/createWithList,276,0,0
1699357892477,281,UpdateUser,200,OK,Thread Group 1-15,text,true,,380,238,50,50,https://petstore.swagger.io/v2/user/jEY9C,281,0,0
1699357892538,221,UpdateUser,200,OK,Thread Group 1-19,text,true,,380,239,50,50,https://petstore.swagger.io/v2/user/wslaHJ,216,0,0
1699357892495,264,GetUser,200,OK,Thread Group 1-27,text,true,,495,160,50,50,https://petstore.swagger.io/v2/user/pfdV6,264,0,0
1699357891807,952,CreateUserWithArray,200,OK,Thread Group 1-49,text,true,,381,452,50,50,https://petstore.swagger.io/v2/user/createWithArray,952,0,659
1699357892482,278,UpdateUser,200,OK,Thread Group 1-14,text,true,,380,243,50,50,https://petstore.swagger.io/v2/user/1xQC4IAlIt,278,0,0
1699357892476,285,CreateUserWithList,200,OK,Thread Group 1-35,text,true,,381,454,50,50,https://petstore.swagger.io/v2/user/createWithList,285,0,0
1699357892470,291,CreateUserWithList,200,OK,Thread Group 1-36,text,true,,381,448,50,50,https://petstore.swagger.io/v2/user/createWithList,291,0,0
1699357892520,243,UpdateUser,200,OK,Thread Group 1-16,text,true,,380,242,50,50,https://petstore.swagger.io/v2/user/L6KyhAro2,243,0,0
1699357892516,247,GetUser,404,Not Found,Thread Group 1-25,text,false,"Test failed: code expected to equal /

****** received  : [[[404]]]

****** comparison: [[[200]]]

/",396,162,50,50,https://petstore.swagger.io/v2/user/ZtSQwSH,246,0,0
1699357892539,224,DeleteUser,200,OK,Thread Group 1-7,text,true,,388,250,50,50,https://petstore.swagger.io/v2/user/WGXRqSZv2,224,0,0
1699357892469,295,UpdateUser,200,OK,Thread Group 1-13,text,true,,380,241,50,50,https://petstore.swagger.io/v2/user/rS975vQD,295,0,0
1699357892540,224,DeleteUser,404,Not Found,Thread Group 1-1,,false,"Test failed: code expected to equal /

****** received  : [[[404]]]

****** comparison: [[[200]]]

/",292,248,50,50,https://petstore.swagger.io/v2/user/Wz0JrkI,224,0,0
1699357891828,937,CreateUserWithArray,200,OK,Thread Group 1-50,text,true,,381,455,50,50,https://petstore.swagger.io/v2/user/createWithArray,937,0,687
1699357892538,228,CreateUserWithList,200,OK,Thread Group 1-39,text,true,,381,454,50,50,https://petstore.swagger.io/v2/user/createWithList,228,0,0
1699357892546,222,DeleteUser,200,OK,Thread Group 1-2,text,true,,388,250,50,50,https://petstore.swagger.io/v2/user/OKsNiY6bb,222,0,0
1699357892549,228,DeleteUser,200,OK,Thread Group 1-3,text,true,,384,246,50,50,https://petstore.swagger.io/v2/user/ts6IU,228,0,0
1699357892556,221,DeleteUser,200,OK,Thread Group 1-4,text,true,,384,246,50,50,https://petstore.swagger.io/v2/user/hlpwx,221,0,0
1699357892552,226,GetUser,404,Not Found,Thread Group 1-30,text,false,"Test failed: code expected to equal /

****** received  : [[[404]]]

****** comparison: [[[200]]]

/",396,164,50,50,https://petstore.swagger.io/v2/user/EpmYbsuvj,225,0,0
1699357892554,224,GetUser,200,OK,Thread Group 1-29,text,true,,495,161,50,50,https://petstore.swagger.io/v2/user/YjNlmr,223,0,0
1699357892554,226,CreateUserWithList,200,OK,Thread Group 1-41,text,true,,381,448,50,50,https://petstore.swagger.io/v2/user/createWithList,226,0,0
1699357892563,228,UpdateUser,200,OK,Thread Group 1-17,text,true,,380,243,50,50,https://petstore.swagger.io/v2/user/Xf9XJqWFtq,228,0,0
1699357892563,230,CreateUserWithList,200,OK,Thread Group 1-40,text,true,,381,459,50,50,https://petstore.swagger.io/v2/user/createWithList,230,0,0
1699357892564,238,DeleteUser,404,Not Found,Thread Group 1-9,,false,"Test failed: code expected to equal /

****** received  : [[[404]]]

****** comparison: [[[200]]]

/",292,246,50,50,https://petstore.swagger.io/v2/user/2Xicn,238,0,0
1699357892558,245,CreateUserWithList,200,OK,Thread Group 1-42,text,true,,381,451,50,50,https://petstore.swagger.io/v2/user/createWithList,245,0,0
1699357892579,226,UpdateUser,200,OK,Thread Group 1-20,text,true,,380,242,50,50,https://petstore.swagger.io/v2/user/InbRuCyMS,226,0,0
1699357892579,226,CreateUserWithList,200,OK,Thread Group 1-43,text,true,,381,452,50,50,https://petstore.swagger.io/v2/user/createWithList,226,0,0
1699357892581,226,GetUser,200,OK,Thread Group 1-31,text,true,,505,163,50,50,https://petstore.swagger.io/v2/user/58H2da1N,225,0,0
1699357892590,221,GetUser,200,OK,Thread Group 1-32,text,true,,504,163,50,50,https://petstore.swagger.io/v2/user/SuGa7Ghm,221,0,0
1699357892597,225,DeleteUser,200,OK,Thread Group 1-8,text,true,,387,249,50,50,https://petstore.swagger.io/v2/user/3SObBWdh,225,0,0
1699357892606,217,CreateUserWithList,200,OK,Thread Group 1-44,text,true,,381,447,50,50,https://petstore.swagger.io/v2/user/createWithList,217,0,0
1699357892622,220,UpdateUser,200,OK,Thread Group 1-22,text,true,,380,243,50,50,https://petstore.swagger.io/v2/user/pnepH7jj0W,220,0,0
1699357892621,222,DeleteUser,200,OK,Thread Group 1-10,text,true,,384,246,50,50,https://petstore.swagger.io/v2/user/GIfWp,222,0,0
1699357892623,225,GetUser,200,OK,Thread Group 1-33,text,true,,502,164,50,50,https://petstore.swagger.io/v2/user/tK6JaY6Xa,225,0,0
1699357892626,224,UpdateUser,200,OK,Thread Group 1-21,text,true,,380,238,50,50,https://petstore.swagger.io/v2/user/FPUQR,224,0,0
1699357892635,215,CreateUserWithList,200,OK,Thread Group 1-46,text,true,,381,453,50,50,https://petstore.swagger.io/v2/user/createWithList,215,0,0
1699357892623,230,CreateUserWithList,200,OK,Thread Group 1-45,text,true,,381,456,50,50,https://petstore.swagger.io/v2/user/createWithList,230,0,0
1699357892651,220,CreateUserWithList,200,OK,Thread Group 1-47,text,true,,381,457,50,50,https://petstore.swagger.io/v2/user/createWithList,219,0,0
1699357892673,227,DeleteUser,200,OK,Thread Group 1-12,text,true,,389,251,50,50,https://petstore.swagger.io/v2/user/rsQ6iP1RC9,227,0,0
1699357892676,227,DeleteUser,200,OK,Thread Group 1-11,text,true,,388,250,50,50,https://petstore.swagger.io/v2/user/BdqEHh1cj,227,0,0
1699357892675,229,GetUser,200,OK,Thread Group 1-34,text,true,,501,162,50,50,https://petstore.swagger.io/v2/user/xjTU0So,229,0,0
1699357892755,216,GetUser,200,OK,Thread Group 1-37,text,true,,498,162,50,50,https://petstore.swagger.io/v2/user/R1JaDz1,216,0,0
1699357892756,215,LoginUser,200,OK,Thread Group 1-5,text,true,,482,196,50,50,https://petstore.swagger.io/v2/user/login?username=Mr7PJvPBb&password=a1289o3,215,0,0
1699357892755,216,LoginUser,200,OK,Thread Group 1-6,text,true,,482,199,50,50,https://petstore.swagger.io/v2/user/login?username=EQ3EGjmLD&password=tcuk0SpItk,216,0,0
1699357892757,222,GetUser,200,OK,Thread Group 1-38,text,true,,503,165,50,50,https://petstore.swagger.io/v2/user/PUDswtkSnZ,222,0,0
1699357892759,238,DeleteUser,200,OK,Thread Group 1-18,text,true,,388,250,50,50,https://petstore.swagger.io/v2/user/3DuPx426a,238,0,0
1699357892770,229,UpdateUser,200,OK,Thread Group 1-28,text,true,,380,239,50,50,https://petstore.swagger.io/v2/user/TYiIVJ,229,0,0
1699357892770,230,UpdateUser,200,OK,Thread Group 1-26,text,true,,380,241,50,50,https://petstore.swagger.io/v2/user/PIp77w2D,229,0,0
1699357892769,232,DeleteUser,200,OK,Thread Group 1-19,text,true,,385,247,50,50,https://petstore.swagger.io/v2/user/wslaHJ,232,0,0
1699357892760,240,CreateUserWithList,200,OK,Thread Group 1-49,text,true,,381,451,50,50,https://petstore.swagger.io/v2/user/createWithList,239,0,0
1699357892761,243,UpdateUser,200,OK,Thread Group 1-24,text,true,,380,239,50,50,https://petstore.swagger.io/v2/user/zhtTsI,240,0,0
1699357892765,239,LoginUser,200,OK,Thread Group 1-1,text,true,,482,198,50,50,https://petstore.swagger.io/v2/user/login?username=Wz0JrkI&password=XHtjC6vmeDL,239,0,0
1699357892766,238,DeleteUser,200,OK,Thread Group 1-14,text,true,,389,251,50,50,https://petstore.swagger.io/v2/user/1xQC4IAlIt,238,0,0
1699357892764,240,DeleteUser,200,OK,Thread Group 1-15,text,true,,384,246,50,50,https://petstore.swagger.io/v2/user/jEY9C,240,0,0
1699357892764,240,LoginUser,200,OK,Thread Group 1-7,text,true,,482,201,50,50,https://petstore.swagger.io/v2/user/login?username=WGXRqSZv2&password=9EE3FTgJl3gu,240,0,0
1699357892762,242,GetUser,404,Not Found,Thread Group 1-35,text,false,"Test failed: code expected to equal /

****** received  : [[[404]]]

****** comparison: [[[200]]]

/",396,160,50,50,https://petstore.swagger.io/v2/user/juAoO,242,0,0
1699357892770,234,DeleteUser,404,Not Found,Thread Group 1-13,,false,"Test failed: code expected to equal /

****** received  : [[[404]]]

****** comparison: [[[200]]]

/",292,249,50,50,https://petstore.swagger.io/v2/user/rS975vQD,234,0,0
1699357892768,237,LoginUser,200,OK,Thread Group 1-2,text,true,,482,201,50,50,https://petstore.swagger.io/v2/user/login?username=OKsNiY6bb&password=ma6JF0iKXU7R,237,0,0
1699357892762,243,GetUser,404,Not Found,Thread Group 1-36,text,false,"Test failed: code expected to equal /

****** received  : [[[404]]]

****** comparison: [[[200]]]

/",396,160,50,50,https://petstore.swagger.io/v2/user/sUMBj,243,0,0
1699357892767,239,GetUser,200,OK,Thread Group 1-39,text,true,,502,163,50,50,https://petstore.swagger.io/v2/user/VBcwpxt1,239,0,0
1699357892778,228,LoginUser,200,OK,Thread Group 1-4,text,true,,482,193,50,50,https://petstore.swagger.io/v2/user/login?username=hlpwx&password=mpsvmhiU,228,0,0
1699357892770,236,UpdateUser,200,OK,Thread Group 1-25,text,true,,380,240,50,50,https://petstore.swagger.io/v2/user/ZtSQwSH,236,0,0
1699357892768,238,DeleteUser,404,Not Found,Thread Group 1-16,,false,"Test failed: code expected to equal /

****** received  : [[[404]]]

****** comparison: [[[200]]]

/",292,250,50,50,https://petstore.swagger.io/v2/user/L6KyhAro2,238,0,0
1699357892766,240,CreateUserWithList,200,OK,Thread Group 1-50,text,true,,381,454,50,50,https://petstore.swagger.io/v2/user/createWithList,240,0,0
1699357892785,223,UpdateUser,200,OK,Thread Group 1-30,text,true,,380,242,50,50,https://petstore.swagger.io/v2/user/EpmYbsuvj,223,0,0
1699357892790,219,UpdateUser,200,OK,Thread Group 1-29,text,true,,380,239,50,50,https://petstore.swagger.io/v2/user/YjNlmr,219,0,0
1699357892765,244,UpdateUser,200,OK,Thread Group 1-27,text,true,,380,238,50,50,https://petstore.swagger.io/v2/user/pfdV6,244,0,0
1699357892783,227,GetUser,200,OK,Thread Group 1-41,text,true,,496,160,50,50,https://petstore.swagger.io/v2/user/JvxeG,227,0,0
1699357892778,233,LoginUser,200,OK,Thread Group 1-3,text,true,,482,194,50,50,https://petstore.swagger.io/v2/user/login?username=ts6IU&password=eZyExNZGr,233,0,0
1699357892794,224,GetUser,200,OK,Thread Group 1-40,text,true,,507,164,50,50,https://petstore.swagger.io/v2/user/VsyzNLKLH,224,0,0
1699357892796,222,DeleteUser,200,OK,Thread Group 1-17,text,true,,389,251,50,50,https://petstore.swagger.io/v2/user/Xf9XJqWFtq,222,0,0
1699357892802,216,LoginUser,200,OK,Thread Group 1-9,text,true,,482,194,50,50,https://petstore.swagger.io/v2/user/login?username=2Xicn&password=dX7Wrn6sG,216,0,0
1699357892804,217,GetUser,200,OK,Thread Group 1-42,text,true,,499,162,50,50,https://petstore.swagger.io/v2/user/4NkUb75,217,0,0
1699357892806,222,GetUser,200,OK,Thread Group 1-43,text,true,,500,161,50,50,https://petstore.swagger.io/v2/user/FPrL4Z,222,0,0
1699357892811,218,UpdateUser,200,OK,Thread Group 1-31,text,true,,380,241,50,50,https://petstore.swagger.io/v2/user/58H2da1N,218,0,0
1699357892809,222,DeleteUser,200,OK,Thread Group 1-20,text,true,,388,250,50,50,https://petstore.swagger.io/v2/user/InbRuCyMS,222,0,0
1699357892815,220,UpdateUser,200,OK,Thread Group 1-32,text,true,,380,241,50,50,https://petstore.swagger.io/v2/user/SuGa7Ghm,220,0,0
1699357892824,216,GetUser,200,OK,Thread Group 1-44,text,true,,495,160,50,50,https://petstore.swagger.io/v2/user/X4RNi,216,0,0
1699357892822,224,LoginUser,200,OK,Thread Group 1-8,text,true,,482,196,50,50,https://petstore.swagger.io/v2/user/login?username=3SObBWdh&password=FNkZlXX2,224,0,0
1699357892846,220,DeleteUser,200,OK,Thread Group 1-22,text,true,,389,251,50,50,https://petstore.swagger.io/v2/user/pnepH7jj0W,220,0,0
1699357892851,220,GetUser,200,OK,Thread Group 1-46,text,true,,501,161,50,50,https://petstore.swagger.io/v2/user/ropalb,220,0,0
1699357892853,220,UpdateUser,200,OK,Thread Group 1-33,text,true,,380,242,50,50,https://petstore.swagger.io/v2/user/tK6JaY6Xa,220,0,0
1699357892853,220,DeleteUser,200,OK,Thread Group 1-21,text,true,,384,246,50,50,https://petstore.swagger.io/v2/user/FPUQR,220,0,0
1699357892847,227,LoginUser,200,OK,Thread Group 1-10,text,true,,482,196,50,50,https://petstore.swagger.io/v2/user/login?username=GIfWp&password=DtvLHspM6mR,227,0,0
1699357892854,221,GetUser,200,OK,Thread Group 1-45,text,true,,504,163,50,50,https://petstore.swagger.io/v2/user/4Wk6M5pj,221,0,0
1699357892871,219,GetUser,200,OK,Thread Group 1-47,text,true,,505,161,50,50,https://petstore.swagger.io/v2/user/iTQLxS,219,0,0
1699357892901,219,LoginUser,200,OK,Thread Group 1-12,text,true,,482,198,50,50,https://petstore.swagger.io/v2/user/login?username=rsQ6iP1RC9&password=KESHbdp8,219,0,0
1699357892903,225,LoginUser,200,OK,Thread Group 1-11,text,true,,482,201,50,50,https://petstore.swagger.io/v2/user/login?username=BdqEHh1cj&password=DffBkxWSFbrs,225,0,0
1699357892909,224,UpdateUser,200,OK,Thread Group 1-34,text,true,,380,240,50,50,https://petstore.swagger.io/v2/user/xjTU0So,224,0,0
1699357892972,217,Logout,200,OK,Thread Group 1-6,text,true,,381,161,50,50,https://petstore.swagger.io/v2/user/logout,217,0,0
1699357892972,217,Logout,200,OK,Thread Group 1-5,text,true,,381,161,50,50,https://petstore.swagger.io/v2/user/logout,217,0,0
1699357892976,216,UpdateUser,200,OK,Thread Group 1-37,text,true,,380,240,50,50,https://petstore.swagger.io/v2/user/R1JaDz1,216,0,0
1699357892983,218,UpdateUser,200,OK,Thread Group 1-38,text,true,,380,243,50,50,https://petstore.swagger.io/v2/user/PUDswtkSnZ,218,0,0
1699357892998,214,LoginUser,200,OK,Thread Group 1-18,text,true,,482,200,50,50,https://petstore.swagger.io/v2/user/login?username=3DuPx426a&password=2suoQGh9klI,214,0,0
1699357893002,219,DeleteUser,200,OK,Thread Group 1-28,text,true,,385,247,50,50,https://petstore.swagger.io/v2/user/TYiIVJ,219,0,0
1699357893001,220,LoginUser,200,OK,Thread Group 1-19,text,true,,482,198,50,50,https://petstore.swagger.io/v2/user/login?username=wslaHJ&password=5U74VjrmJH9g,220,0,0
1699357893001,220,GetUser,200,OK,Thread Group 1-49,text,true,,499,160,50,50,https://petstore.swagger.io/v2/user/vjGFK,220,0,0
1699357893004,219,Logout,200,OK,Thread Group 1-1,text,true,,381,161,50,50,https://petstore.swagger.io/v2/user/logout,218,0,0
1699357893004,219,Logout,200,OK,Thread Group 1-7,text,true,,381,161,50,50,https://petstore.swagger.io/v2/user/logout,219,0,0
1699357893004,219,LoginUser,200,OK,Thread Group 1-15,text,true,,482,193,50,50,https://petstore.swagger.io/v2/user/login?username=jEY9C&password=tzLirEY5,219,0,0
1699357893004,221,LoginUser,200,OK,Thread Group 1-14,text,true,,482,197,50,50,https://petstore.swagger.io/v2/user/login?username=1xQC4IAlIt&password=tFM3nUU,221,0,0
1699357893009,216,DeleteUser,200,OK,Thread Group 1-24,text,true,,385,247,50,50,https://petstore.swagger.io/v2/user/zhtTsI,216,0,0
1699357893005,227,Logout,200,OK,Thread Group 1-2,text,true,,381,161,50,50,https://petstore.swagger.io/v2/user/logout,227,0,0
1699357893005,227,LoginUser,200,OK,Thread Group 1-13,text,true,,482,195,50,50,https://petstore.swagger.io/v2/user/login?username=rS975vQD&password=23LY4nk,227,0,0
1699357893007,225,LoginUser,200,OK,Thread Group 1-16,text,true,,482,199,50,50,https://petstore.swagger.io/v2/user/login?username=L6KyhAro2&password=ZwvWl9PLnt,225,0,0
1699357893006,226,Logout,200,OK,Thread Group 1-4,text,true,,381,161,50,50,https://petstore.swagger.io/v2/user/logout,226,0,0
1699357893007,226,GetUser,200,OK,Thread Group 1-50,text,true,,502,163,50,50,https://petstore.swagger.io/v2/user/9sv9YvdW,226,0,0
1699357893010,226,UpdateUser,200,OK,Thread Group 1-35,text,true,,380,238,50,50,https://petstore.swagger.io/v2/user/juAoO,226,0,0
1699357893019,223,Logout,200,OK,Thread Group 1-9,text,true,,381,161,50,50,https://petstore.swagger.io/v2/user/logout,223,0,0
1699357893013,229,DeleteUser,404,Not Found,Thread Group 1-26,,false,"Test failed: code expected to equal /

****** received  : [[[404]]]

****** comparison: [[[200]]]

/",292,249,50,50,https://petstore.swagger.io/v2/user/PIp77w2D,229,0,0
1699357893011,233,Logout,200,OK,Thread Group 1-3,text,true,,381,161,50,50,https://petstore.swagger.io/v2/user/logout,233,0,0
1699357893012,232,DeleteUser,404,Not Found,Thread Group 1-30,,false,"Test failed: code expected to equal /

****** received  : [[[404]]]

****** comparison: [[[200]]]

/",292,250,50,50,https://petstore.swagger.io/v2/user/EpmYbsuvj,232,0,0
1699357893014,231,DeleteUser,200,OK,Thread Group 1-29,text,true,,385,247,50,50,https://petstore.swagger.io/v2/user/YjNlmr,231,0,0
1699357893028,219,UpdateUser,200,OK,Thread Group 1-42,text,true,,380,240,50,50,https://petstore.swagger.io/v2/user/4NkUb75,219,0,0
1699357893014,233,UpdateUser,200,OK,Thread Group 1-36,text,true,,380,238,50,50,https://petstore.swagger.io/v2/user/sUMBj,233,0,0
1699357893012,235,DeleteUser,404,Not Found,Thread Group 1-25,,false,"Test failed: code expected to equal /

****** received  : [[[404]]]

****** comparison: [[[200]]]

/",292,248,50,50,https://petstore.swagger.io/v2/user/ZtSQwSH,235,0,0
1699357893015,233,DeleteUser,200,OK,Thread Group 1-27,text,true,,384,246,50,50,https://petstore.swagger.io/v2/user/pfdV6,233,0,0
1699357893015,233,UpdateUser,200,OK,Thread Group 1-41,text,true,,380,238,50,50,https://petstore.swagger.io/v2/user/JvxeG,233,0,0
1699357893019,231,LoginUser,200,OK,Thread Group 1-17,text,true,,482,200,50,50,https://petstore.swagger.io/v2/user/login?username=Xf9XJqWFtq&password=jmH3xjtJA6,231,0,0
1699357893013,237,UpdateUser,200,OK,Thread Group 1-39,text,true,,380,241,50,50,https://petstore.swagger.io/v2/user/VBcwpxt1,237,0,0
1699357893032,219,LoginUser,200,OK,Thread Group 1-20,text,true,,482,201,50,50,https://petstore.swagger.io/v2/user/login?username=InbRuCyMS&password=qhD38AJyAmH6,219,0,0
1699357893024,227,UpdateUser,200,OK,Thread Group 1-40,text,true,,380,242,50,50,https://petstore.swagger.io/v2/user/VsyzNLKLH,227,0,0
1699357893036,220,DeleteUser,200,OK,Thread Group 1-31,text,true,,387,249,50,50,https://petstore.swagger.io/v2/user/58H2da1N,220,0,0
1699357893047,223,UpdateUser,200,OK,Thread Group 1-44,text,true,,380,238,50,50,https://petstore.swagger.io/v2/user/X4RNi,223,0,0
1699357893037,236,UpdateUser,200,OK,Thread Group 1-43,text,true,,380,239,50,50,https://petstore.swagger.io/v2/user/FPrL4Z,236,0,0
1699357893043,230,DeleteUser,200,OK,Thread Group 1-32,text,true,,387,249,50,50,https://petstore.swagger.io/v2/user/SuGa7Ghm,230,0,0
1699357893047,228,Logout,200,OK,Thread Group 1-8,text,true,,381,161,50,50,https://petstore.swagger.io/v2/user/logout,228,0,0
1699357893067,221,LoginUser,200,OK,Thread Group 1-22,text,true,,482,202,50,50,https://petstore.swagger.io/v2/user/login?username=pnepH7jj0W&password=9MqMgyseahAB,221,0,0
1699357893073,216,LoginUser,200,OK,Thread Group 1-21,text,true,,482,192,50,50,https://petstore.swagger.io/v2/user/login?username=FPUQR&password=oqcXwpU,216,0,0
1699357893076,215,DeleteUser,200,OK,Thread Group 1-33,text,true,,388,250,50,50,https://petstore.swagger.io/v2/user/tK6JaY6Xa,215,0,0
1699357893075,216,UpdateUser,200,OK,Thread Group 1-46,text,true,,380,239,50,50,https://petstore.swagger.io/v2/user/ropalb,216,0,0
1699357893075,220,Logout,200,OK,Thread Group 1-10,text,true,,381,161,50,50,https://petstore.swagger.io/v2/user/logout,220,0,0
1699357893081,221,UpdateUser,200,OK,Thread Group 1-45,text,true,,380,241,50,50,https://petstore.swagger.io/v2/user/4Wk6M5pj,221,0,0
1699357893094,218,UpdateUser,200,OK,Thread Group 1-47,text,true,,380,239,50,50,https://petstore.swagger.io/v2/user/iTQLxS,218,0,0
1699357893121,220,Logout,200,OK,Thread Group 1-12,text,true,,381,161,50,50,https://petstore.swagger.io/v2/user/logout,220,0,0
1699357893128,223,Logout,200,OK,Thread Group 1-11,text,true,,381,161,50,50,https://petstore.swagger.io/v2/user/logout,223,0,0
1699357893137,222,DeleteUser,200,OK,Thread Group 1-34,text,true,,386,248,50,50,https://petstore.swagger.io/v2/user/xjTU0So,222,0,0
1699357893190,214,CreateUser,200,OK,Thread Group 1-6,text,true,,381,432,50,50,https://petstore.swagger.io/v2/user,214,0,0
1699357893190,214,CreateUser,200,OK,Thread Group 1-5,text,true,,381,427,50,50,https://petstore.swagger.io/v2/user,214,0,0
1699357893196,214,DeleteUser,200,OK,Thread Group 1-37,text,true,,386,248,48,48,https://petstore.swagger.io/v2/user/R1JaDz1,214,0,0
1699357893206,218,DeleteUser,200,OK,Thread Group 1-38,text,true,,389,251,48,48,https://petstore.swagger.io/v2/user/PUDswtkSnZ,218,0,0
1699357893212,215,Logout,200,OK,Thread Group 1-18,text,true,,381,161,48,48,https://petstore.swagger.io/v2/user/logout,215,0,0
1699357893221,215,LoginUser,200,OK,Thread Group 1-28,text,true,,482,195,48,48,https://petstore.swagger.io/v2/user/login?username=TYiIVJ&password=tFnsef18I,215,0,0
1699357893221,216,Logout,200,OK,Thread Group 1-19,text,true,,381,161,48,48,https://petstore.swagger.io/v2/user/logout,216,0,0
1699357893223,217,CreateUser,200,OK,Thread Group 1-1,text,true,,381,435,48,48,https://petstore.swagger.io/v2/user,217,0,0
1699357893225,217,LoginUser,200,OK,Thread Group 1-24,text,true,,482,194,47,47,https://petstore.swagger.io/v2/user/login?username=zhtTsI&password=hCCMMitU,217,0,0
1699357893227,215,UpdateUser,200,OK,Thread Group 1-49,text,true,,380,238,47,47,https://petstore.swagger.io/v2/user/vjGFK,215,0,0
1699357893225,219,Logout,200,OK,Thread Group 1-14,text,true,,381,161,47,47,https://petstore.swagger.io/v2/user/logout,219,0,0
1699357893224,220,CreateUser,200,OK,Thread Group 1-7,text,true,,381,435,47,47,https://petstore.swagger.io/v2/user,220,0,0
1699357893224,220,Logout,200,OK,Thread Group 1-15,text,true,,381,161,47,47,https://petstore.swagger.io/v2/user/logout,220,0,0
1699357893233,220,CreateUser,200,OK,Thread Group 1-4,text,true,,381,424,46,46,https://petstore.swagger.io/v2/user,220,0,0
1699357893233,220,CreateUser,200,OK,Thread Group 1-2,text,true,,381,431,46,46,https://petstore.swagger.io/v2/user,220,0,0
1699357893233,220,Logout,200,OK,Thread Group 1-13,text,true,,381,161,46,46,https://petstore.swagger.io/v2/user/logout,220,0,0
1699357893233,222,Logout,200,OK,Thread Group 1-16,text,true,,381,161,44,44,https://petstore.swagger.io/v2/user/logout,222,0,0
1699357893242,214,CreateUser,200,OK,Thread Group 1-9,text,true,,381,429,44,44,https://petstore.swagger.io/v2/user,214,0,0
1699357893242,214,LoginUser,200,OK,Thread Group 1-26,text,true,,482,198,44,44,https://petstore.swagger.io/v2/user/login?username=PIp77w2D&password=kf5SHEJo6w,214,0,0
1699357893240,216,DeleteUser,404,Not Found,Thread Group 1-35,,false,"Test failed: code expected to equal /

****** received  : [[[404]]]

****** comparison: [[[200]]]

/",292,246,44,44,https://petstore.swagger.io/v2/user/juAoO,216,0,0
1699357893238,224,UpdateUser,200,OK,Thread Group 1-50,text,true,,380,241,43,43,https://petstore.swagger.io/v2/user/9sv9YvdW,224,0,0
1699357893246,218,LoginUser,200,OK,Thread Group 1-29,text,true,,482,193,43,43,https://petstore.swagger.io/v2/user/login?username=YjNlmr&password=k9ggDCe,218,0,0
1699357893244,222,CreateUser,200,OK,Thread Group 1-3,text,true,,381,431,43,43,https://petstore.swagger.io/v2/user,222,0,0
1699357893244,222,LoginUser,200,OK,Thread Group 1-30,text,true,,482,196,43,43,https://petstore.swagger.io/v2/user/login?username=EpmYbsuvj&password=kGjkCUW,222,0,0
1699357893251,217,DeleteUser,404,Not Found,Thread Group 1-42,,false,"Test failed: code expected to equal /

****** received  : [[[404]]]

****** comparison: [[[200]]]

/",292,248,42,42,https://petstore.swagger.io/v2/user/4NkUb75,217,0,0
1699357893249,221,LoginUser,200,OK,Thread Group 1-27,text,true,,482,192,42,42,https://petstore.swagger.io/v2/user/login?username=pfdV6&password=9pSCTtc,221,0,0
1699357893251,219,DeleteUser,404,Not Found,Thread Group 1-36,,false,"Test failed: code expected to equal /

****** received  : [[[404]]]

****** comparison: [[[200]]]

/",292,246,42,42,https://petstore.swagger.io/v2/user/sUMBj,219,0,0
1699357893252,221,Logout,200,OK,Thread Group 1-20,text,true,,381,161,42,42,https://petstore.swagger.io/v2/user/logout,221,0,0
1699357893250,223,Logout,200,OK,Thread Group 1-17,text,true,,381,161,42,42,https://petstore.swagger.io/v2/user/logout,223,0,0
1699357893247,226,LoginUser,200,OK,Thread Group 1-25,text,true,,482,195,42,42,https://petstore.swagger.io/v2/user/login?username=ZtSQwSH&password=9dSqKY9R,226,0,0
1699357893254,220,DeleteUser,200,OK,Thread Group 1-41,text,true,,384,246,42,42,https://petstore.swagger.io/v2/user/JvxeG,220,0,0
1699357893256,218,LoginUser,200,OK,Thread Group 1-31,text,true,,482,199,42,42,https://petstore.swagger.io/v2/user/login?username=58H2da1N&password=JkKNYRq34dw,218,0,0
1699357893254,222,DeleteUser,404,Not Found,Thread Group 1-39,,false,"Test failed: code expected to equal /

****** received  : [[[404]]]

****** comparison: [[[200]]]

/",292,249,42,42,https://petstore.swagger.io/v2/user/VBcwpxt1,222,0,0
1699357893256,223,DeleteUser,200,OK,Thread Group 1-40,text,true,,388,250,42,42,https://petstore.swagger.io/v2/user/VsyzNLKLH,223,0,0
1699357893273,216,DeleteUser,200,OK,Thread Group 1-44,text,true,,384,246,42,42,https://petstore.swagger.io/v2/user/X4RNi,216,0,0
1699357893274,218,LoginUser,200,OK,Thread Group 1-32,text,true,,482,200,42,42,https://petstore.swagger.io/v2/user/login?username=SuGa7Ghm&password=nwlvIbtDyQSo,218,0,0
1699357893276,221,CreateUser,200,OK,Thread Group 1-8,text,true,,381,430,42,42,https://petstore.swagger.io/v2/user,221,0,0
1699357893278,220,DeleteUser,200,OK,Thread Group 1-43,text,true,,385,247,41,41,https://petstore.swagger.io/v2/user/FPrL4Z,220,0,0
1699357893291,214,LoginUser,200,OK,Thread Group 1-33,text,true,,482,198,41,41,https://petstore.swagger.io/v2/user/login?username=tK6JaY6Xa&password=fvr0eZ26X,214,0,0
1699357893289,216,Logout,200,OK,Thread Group 1-22,text,true,,381,161,41,41,https://petstore.swagger.io/v2/user/logout,216,0,0
1699357893290,217,Logout,200,OK,Thread Group 1-21,text,true,,381,161,41,41,https://petstore.swagger.io/v2/user/logout,217,0,0
1699357893294,215,DeleteUser,200,OK,Thread Group 1-46,text,true,,385,247,41,41,https://petstore.swagger.io/v2/user/ropalb,215,0,0
1699357893296,219,CreateUser,200,OK,Thread Group 1-10,text,true,,381,430,41,41,https://petstore.swagger.io/v2/user,219,0,0
1699357893305,220,DeleteUser,200,OK,Thread Group 1-45,text,true,,387,249,40,40,https://petstore.swagger.io/v2/user/4Wk6M5pj,220,0,0
1699357893315,228,DeleteUser,200,OK,Thread Group 1-47,text,true,,385,247,40,40,https://petstore.swagger.io/v2/user/iTQLxS,227,0,0
1699357893342,227,CreateUser,200,OK,Thread Group 1-12,text,true,,381,429,40,40,https://petstore.swagger.io/v2/user,227,0,0
1699357893354,222,CreateUser,200,OK,Thread Group 1-11,text,true,,381,430,39,39,https://petstore.swagger.io/v2/user,222,0,0
1699357893360,221,LoginUser,200,OK,Thread Group 1-34,text,true,,482,196,38,38,https://petstore.swagger.io/v2/user/login?username=xjTU0So&password=tGFnqzRcs,221,0,0
1699357893410,216,LoginUser,200,OK,Thread Group 1-37,text,true,,482,196,38,38,https://petstore.swagger.io/v2/user/login?username=R1JaDz1&password=wQ2iXkIUA,216,0,0
1699357893425,218,LoginUser,200,OK,Thread Group 1-38,text,true,,482,199,38,38,https://petstore.swagger.io/v2/user/login?username=PUDswtkSnZ&password=mjs7ExzOC,218,0,0
1699357893428,224,CreateUser,200,OK,Thread Group 1-18,text,true,,381,432,38,38,https://petstore.swagger.io/v2/user,224,0,0
1699357893436,216,Logout,200,OK,Thread Group 1-28,text,true,,381,161,38,38,https://petstore.swagger.io/v2/user/logout,216,0,0
1699357893437,217,CreateUser,200,OK,Thread Group 1-19,text,true,,381,431,37,37,https://petstore.swagger.io/v2/user,217,0,0
1699357893442,215,Logout,200,OK,Thread Group 1-24,text,true,,381,161,36,36,https://petstore.swagger.io/v2/user/logout,215,0,0
1699357893445,218,CreateUser,200,OK,Thread Group 1-14,text,true,,381,434,36,36,https://petstore.swagger.io/v2/user,218,0,0
1699357893445,218,CreateUser,200,OK,Thread Group 1-15,text,true,,380,422,36,36,https://petstore.swagger.io/v2/user,218,0,0
1699357893447,216,DeleteUser,200,OK,Thread Group 1-49,text,true,,384,246,36,36,https://petstore.swagger.io/v2/user/vjGFK,216,0,0
1699357893457,220,Logout,200,OK,Thread Group 1-26,text,true,,381,161,34,34,https://petstore.swagger.io/v2/user/logout,216,0,0
1699357893457,220,LoginUser,200,OK,Thread Group 1-35,text,true,,482,196,34,34,https://petstore.swagger.io/v2/user/login?username=juAoO&password=vde3mcvk958,220,0,0
1699357893454,224,CreateUser,200,OK,Thread Group 1-13,text,true,,381,430,34,34,https://petstore.swagger.io/v2/user,224,0,0
1699357893455,226,CreateUser,200,OK,Thread Group 1-16,text,true,,381,434,33,33,https://petstore.swagger.io/v2/user,225,0,0
1699357893465,220,Logout,200,OK,Thread Group 1-29,text,true,,381,161,32,32,https://petstore.swagger.io/v2/user/logout,220,0,0
1699357893466,220,Logout,200,OK,Thread Group 1-30,text,true,,381,161,32,32,https://petstore.swagger.io/v2/user/logout,220,0,0
1699357893468,222,LoginUser,200,OK,Thread Group 1-42,text,true,,482,197,32,32,https://petstore.swagger.io/v2/user/login?username=4NkUb75&password=LkDvTSuVfd,222,0,0
1699357893466,224,DeleteUser,200,OK,Thread Group 1-50,text,true,,387,249,32,32,https://petstore.swagger.io/v2/user/9sv9YvdW,224,0,0
1699357893471,220,LoginUser,200,OK,Thread Group 1-36,text,true,,482,195,32,32,https://petstore.swagger.io/v2/user/login?username=sUMBj&password=5Uw3DTEGwA,220,0,0
1699357893471,222,Logout,200,OK,Thread Group 1-27,text,true,,381,161,32,32,https://petstore.swagger.io/v2/user/logout,222,0,0
1699357893475,218,Logout,200,OK,Thread Group 1-31,text,true,,381,161,32,32,https://petstore.swagger.io/v2/user/logout,218,0,0
1699357893473,220,CreateUser,200,OK,Thread Group 1-20,text,true,,381,435,32,32,https://petstore.swagger.io/v2/user,220,0,0
1699357893475,221,LoginUser,200,OK,Thread Group 1-41,text,true,,482,195,31,31,https://petstore.swagger.io/v2/user/login?username=JvxeG&password=NjjFYkhg3J,221,0,0
1699357893474,224,Logout,200,OK,Thread Group 1-25,text,true,,381,161,31,31,https://petstore.swagger.io/v2/user/logout,224,0,0
1699357893473,225,CreateUser,200,OK,Thread Group 1-17,text,true,,381,435,31,31,https://petstore.swagger.io/v2/user,225,0,0
1699357893477,226,LoginUser,200,OK,Thread Group 1-39,text,true,,482,195,30,30,https://petstore.swagger.io/v2/user/login?username=VBcwpxt1&password=KUUsf7r,226,0,0
1699357893480,223,LoginUser,200,OK,Thread Group 1-40,text,true,,482,199,30,30,https://petstore.swagger.io/v2/user/login?username=VsyzNLKLH&password=H4zmwlkmYY,223,0,0
1699357893490,214,LoginUser,200,OK,Thread Group 1-44,text,true,,482,192,30,30,https://petstore.swagger.io/v2/user/login?username=X4RNi&password=Vcs4esG,214,0,0
1699357893492,220,Logout,200,OK,Thread Group 1-32,text,true,,381,161,30,30,https://petstore.swagger.io/v2/user/logout,220,0,0
1699357893499,219,LoginUser,200,OK,Thread Group 1-43,text,true,,482,193,30,30,https://petstore.swagger.io/v2/user/login?username=FPrL4Z&password=dxhvQJA,219,0,0
1699357893506,216,Logout,200,OK,Thread Group 1-33,text,true,,381,161,30,30,https://petstore.swagger.io/v2/user/logout,216,0,0
1699357893508,217,CreateUser,200,OK,Thread Group 1-21,text,true,,381,427,30,30,https://petstore.swagger.io/v2/user,216,0,0
1699357893506,222,CreateUser,200,OK,Thread Group 1-22,text,true,,381,432,29,29,https://petstore.swagger.io/v2/user,222,0,0
1699357893509,219,LoginUser,200,OK,Thread Group 1-46,text,true,,482,193,29,29,https://petstore.swagger.io/v2/user/login?username=ropalb&password=AF5NQea,219,0,0
1699357893526,224,LoginUser,200,OK,Thread Group 1-45,text,true,,482,197,28,28,https://petstore.swagger.io/v2/user/login?username=4Wk6M5pj&password=Y85JjEgSJ,224,0,0
1699357893543,220,LoginUser,200,OK,Thread Group 1-47,text,true,,482,198,28,28,https://petstore.swagger.io/v2/user/login?username=iTQLxS&password=iZ4WYa0TfYOs,220,0,0
1699357893581,224,Logout,200,OK,Thread Group 1-34,text,true,,381,161,28,28,https://petstore.swagger.io/v2/user/logout,224,0,0
1699357893627,220,Logout,200,OK,Thread Group 1-37,text,true,,381,161,28,28,https://petstore.swagger.io/v2/user/logout,220,0,0
1699357893653,239,CreateUser,200,OK,Thread Group 1-28,text,true,,381,426,28,28,https://petstore.swagger.io/v2/user,239,0,0
1699357893657,235,CreateUser,200,OK,Thread Group 1-24,text,true,,381,428,28,28,https://petstore.swagger.io/v2/user,235,0,0
1699357893663,229,LoginUser,200,OK,Thread Group 1-49,text,true,,482,193,28,28,https://petstore.swagger.io/v2/user/login?username=vjGFK&password=PmGCodxO,229,0,0
1699357893644,249,Logout,200,OK,Thread Group 1-38,text,true,,381,161,26,26,https://petstore.swagger.io/v2/user/logout,249,0,0
1699357893677,216,CreateUser,200,OK,Thread Group 1-26,text,true,,380,431,26,26,https://petstore.swagger.io/v2/user,216,0,0
1699357893677,218,Logout,200,OK,Thread Group 1-35,text,true,,381,161,25,25,https://petstore.swagger.io/v2/user/logout,218,0,0
1699357893685,219,CreateUser,200,OK,Thread Group 1-29,text,true,,381,424,25,25,https://petstore.swagger.io/v2/user,218,0,0
1699357893690,217,Logout,200,OK,Thread Group 1-42,text,true,,381,161,24,24,https://petstore.swagger.io/v2/user/logout,217,0,0
1699357893687,220,CreateUser,200,OK,Thread Group 1-30,text,true,,381,433,24,24,https://petstore.swagger.io/v2/user,220,0,0
1699357893692,219,Logout,200,OK,Thread Group 1-36,text,true,,381,161,23,23,https://petstore.swagger.io/v2/user/logout,219,0,0
1699357893694,219,CreateUser,200,OK,Thread Group 1-31,text,true,,381,434,23,23,https://petstore.swagger.io/v2/user,218,0,0
1699357893694,220,CreateUser,200,OK,Thread Group 1-27,text,true,,381,424,22,22,https://petstore.swagger.io/v2/user,220,0,0
1699357893690,224,LoginUser,200,OK,Thread Group 1-50,text,true,,482,197,22,22,https://petstore.swagger.io/v2/user/login?username=9sv9YvdW&password=Z8ER6JmKZ,224,0,0
1699357893696,221,Logout,200,OK,Thread Group 1-41,text,true,,381,161,21,21,https://petstore.swagger.io/v2/user/logout,221,0,0
1699357893705,214,Logout,200,OK,Thread Group 1-44,text,true,,381,161,21,21,https://petstore.swagger.io/v2/user/logout,214,0,0
1699357893698,223,CreateUser,200,OK,Thread Group 1-25,text,true,,381,428,21,21,https://petstore.swagger.io/v2/user,223,0,0
1699357893703,223,Logout,200,OK,Thread Group 1-39,text,true,,381,161,20,20,https://petstore.swagger.io/v2/user/logout,223,0,0
1699357893703,223,Logout,200,OK,Thread Group 1-40,text,true,,381,161,20,20,https://petstore.swagger.io/v2/user/logout,223,0,0
1699357893713,221,CreateUser,200,OK,Thread Group 1-32,text,true,,381,433,20,20,https://petstore.swagger.io/v2/user,221,0,0
1699357893723,216,CreateUser,200,OK,Thread Group 1-33,text,true,,381,431,19,19,https://petstore.swagger.io/v2/user,215,0,0
1699357893719,220,Logout,200,OK,Thread Group 1-43,text,true,,381,161,19,19,https://petstore.swagger.io/v2/user/logout,219,0,0
1699357893728,216,Logout,200,OK,Thread Group 1-46,text,true,,381,161,18,18,https://petstore.swagger.io/v2/user/logout,216,0,0
1699357891787,2172,CreateUserWithArray,200,OK,Thread Group 1-48,text,true,,381,452,18,18,https://petstore.swagger.io/v2/user/createWithArray,2172,0,1338
1699357893750,219,Logout,200,OK,Thread Group 1-45,text,true,,381,161,18,18,https://petstore.swagger.io/v2/user/logout,219,0,0
1699357893763,216,Logout,200,OK,Thread Group 1-47,text,true,,381,161,18,18,https://petstore.swagger.io/v2/user/logout,216,0,0
1699357893806,220,CreateUser,200,OK,Thread Group 1-34,text,true,,380,430,18,18,https://petstore.swagger.io/v2/user,220,0,0
1699357893865,222,CreateUser,200,OK,Thread Group 1-37,text,true,,381,427,17,17,https://petstore.swagger.io/v2/user,222,0,0
1699357893892,224,Logout,200,OK,Thread Group 1-49,text,true,,381,161,16,16,https://petstore.swagger.io/v2/user/logout,224,0,0
1699357893896,222,CreateUser,200,OK,Thread Group 1-35,text,true,,381,431,16,16,https://petstore.swagger.io/v2/user,221,0,0
1699357893893,225,CreateUser,200,OK,Thread Group 1-38,text,true,,381,432,16,16,https://petstore.swagger.io/v2/user,225,0,0
1699357893919,217,CreateUser,200,OK,Thread Group 1-44,text,true,,381,424,14,14,https://petstore.swagger.io/v2/user,217,0,0
1699357893907,229,CreateUser,200,OK,Thread Group 1-42,text,true,,381,428,14,14,https://petstore.swagger.io/v2/user,229,0,0
1699357893914,226,Logout,200,OK,Thread Group 1-50,text,true,,381,161,12,12,https://petstore.swagger.io/v2/user/logout,225,0,0
1699357893911,229,CreateUser,200,OK,Thread Group 1-36,text,true,,381,425,12,12,https://petstore.swagger.io/v2/user,228,0,0
1699357893918,223,CreateUser,200,OK,Thread Group 1-41,text,true,,380,425,11,11,https://petstore.swagger.io/v2/user,223,0,0
1699357893926,227,CreateUser,200,OK,Thread Group 1-39,text,true,,381,431,10,10,https://petstore.swagger.io/v2/user,227,0,0
1699357893926,227,CreateUser,200,OK,Thread Group 1-40,text,true,,381,436,10,10,https://petstore.swagger.io/v2/user,227,0,0
1699357893944,217,CreateUser,200,OK,Thread Group 1-46,text,true,,381,430,8,8,https://petstore.swagger.io/v2/user,217,0,0
1699357893939,226,CreateUser,200,OK,Thread Group 1-43,text,true,,381,429,7,7,https://petstore.swagger.io/v2/user,225,0,0
1699357893959,220,CreateUserWithList,200,OK,Thread Group 1-48,text,true,,381,451,6,6,https://petstore.swagger.io/v2/user/createWithList,220,0,0
1699357893969,225,CreateUser,200,OK,Thread Group 1-45,text,true,,381,433,6,6,https://petstore.swagger.io/v2/user,225,0,0
1699357893979,218,CreateUser,200,OK,Thread Group 1-47,text,true,,381,434,5,5,https://petstore.swagger.io/v2/user,218,0,0
1699357894117,217,CreateUser,200,OK,Thread Group 1-49,text,true,,381,428,4,4,https://petstore.swagger.io/v2/user,217,0,0
1699357894140,232,CreateUser,200,OK,Thread Group 1-50,text,true,,381,431,3,3,https://petstore.swagger.io/v2/user,226,0,0
1699357894180,770,GetUser,200,OK,Thread Group 1-48,text,true,,499,164,2,2,https://petstore.swagger.io/v2/user/O1OMv6iX9,770,0,0
1699357894955,216,UpdateUser,200,OK,Thread Group 1-48,text,true,,380,242,2,2,https://petstore.swagger.io/v2/user/O1OMv6iX9,216,0,0
1699357895175,453,DeleteUser,200,OK,Thread Group 1-48,text,true,,388,250,2,2,https://petstore.swagger.io/v2/user/O1OMv6iX9,453,0,0
1699357891286,4890,CreateUserWithArray,200,OK,Thread Group 1-23,text,true,,381,456,2,2,https://petstore.swagger.io/v2/user/createWithArray,4890,0,3932
1699357895629,858,LoginUser,200,OK,Thread Group 1-48,text,true,,482,197,2,2,https://petstore.swagger.io/v2/user/login?username=O1OMv6iX9&password=n97HjrMR,858,0,0
1699357896488,306,Logout,200,OK,Thread Group 1-48,text,true,,381,161,2,2,https://petstore.swagger.io/v2/user/logout,306,0,0
1699357896794,430,CreateUser,200,OK,Thread Group 1-48,text,true,,381,428,2,2,https://petstore.swagger.io/v2/user,430,0,0
1699357896178,1047,CreateUserWithList,200,OK,Thread Group 1-23,text,true,,381,455,2,2,https://petstore.swagger.io/v2/user/createWithList,1047,0,0
1699357897226,314,GetUser,200,OK,Thread Group 1-23,text,true,,503,162,1,1,https://petstore.swagger.io/v2/user/d2BgVQO,314,0,0
1699357897548,301,UpdateUser,200,OK,Thread Group 1-23,text,true,,380,240,1,1,https://petstore.swagger.io/v2/user/d2BgVQO,300,0,0
1699357897877,271,DeleteUser,200,OK,Thread Group 1-23,text,true,,386,248,1,1,https://petstore.swagger.io/v2/user/d2BgVQO,271,0,0
1699357898149,305,LoginUser,200,OK,Thread Group 1-23,text,true,,482,196,1,1,https://petstore.swagger.io/v2/user/login?username=d2BgVQO&password=jotlGm2Rf,305,0,0
1699357898455,919,Logout,200,OK,Thread Group 1-23,text,true,,381,161,1,1,https://petstore.swagger.io/v2/user/logout,918,0,0
1699357899374,922,CreateUser,200,OK,Thread Group 1-23,text,true,,381,432,1,1,https://petstore.swagger.io/v2/user,922,0,0
